Location_ID1,Asset_No,Asset_Category,Equipment_Group,Type3,component_type,Manufacturer1,Model1,Serial1,External_Ref,Status,Install_date,Last_Inspection_Date1,Condition1,Description,Lanes,Chainage,Direction,Lat,Long,Group ID
DWS_Test_Coeval_VMS,80977,Periodic Speed Limit Signs,DWS,Coeval PSLS 30,,Coeval,Matrix Test Sign,,,Installed,43209,,Good,,0,,,54.9346,-7.69675,NOT-IN-SCOPE
L1327_0001_CMU,987682793,Monitoring Detectors,TCIS  Parent Equipment,Cycle Monitoring Unit,,QFREE,HI-TRAC CMU,,,Installed,45350,,Good,QFREE CMU,0,,EASTBOUND,52.42084,-9.363398,NOT-IN-SCOPE
L3004_0225_VMS_1,987683287,  MS3,VMS,VMS VF2360 (96X384),,Daktronics,VF-2360-96x384-20-RGB,,,Installed,45429,,Good,MS3,,,NORTHBOUND,51.90178,-8.378139,NOT-IN-SCOPE
L3004_0226A_VMS_1,987683286,  MS3,VMS,VMS VF2360 (96X384),,Daktronics,VF-2360-96x384-20-RGB,,,Installed,45429,,Good,MS3 VMS,,,SOUTHBOUND,51.90248,-8.378096,NOT-IN-SCOPE
M07_0022_3GR_1,987680752,3G Routers,Comms,VIRTUAL ACCESS GW2028,,VIRTUAL ACCESS,GW2028,,1379,Installed,45146,,Good,3G VIRTUAL ACCESS ROUTER,,,,,,
,,,,,,,,,,,,,,,,,,,,
"mtccuser184@nra2.ie""",,22,NORTHBOUND,53.240859,-6.649424,M7E-J9J9A-21938E,,,,,,,,,,,,,,
M07_0022_VMS_1,987680338,  MS3,VMS,VMS VF2360 (96X384),,Daktronics,MS3,1660383,1374,Installed,45149,45414,Good,DAKTRONICS MS3,0,22,EASTBOUND,53.240859,-6.649424,M7E-J9J9A-21938E
M07_0028_CCT_1,91557,CCTV Cameras,CCTV,AXIS - Q6215-LE,,AXIS,Q6215-LE,b8a44f2c7688 ,STRATOCAST,Installed,44998,45426,Good,STRATOCAST CCTV,,28,NORTHBOUND,53.2086,-6.71361,M7E-J10J10-28056E
M07_0032_CCT_1,91558,CCTV Cameras,CCTV,AXIS - Q6215-LE,,AXIS,Q6215-LE,accc8ebfec2c ,STRATOCAST,Installed,44998,45426,Good,STRATOCAST CCTV CAMERA,,32,SOUTHBOUND,53.1765,-6.74344,M7W-J11J10-32183W
M07_0088_3GR_1,345,3G Routers,Comms,VIRTUAL ACCESS GW2000,,VIRTUAL ACCESS,GW2000,00E0C8012393,490,Installed,40431,45366,Good,VIRTUAL ACCESS GW2000,2,94.5,Southbound,52.9321,-7.46763,NOT-IN-SCOPE
M07_0088_ANP_1,80976,ANPR ,TCIS  Parent Equipment,Jenoptik Vector,,Jenoptik,Vector,123456,673,Installed,43208,43208,Good,Vysionics Dual-Lane ANPR Camera,,,,,,
,,,,,,,,,,,,,,,,,,,,
Camera VNC connection: Vy$ion!1,,,,,,,,,,,,,,,,,,,,
,,,,,,,,,,,,,,,,,,,,
Username: Manager,,,,,,,,,,,,,,,,,,,,
"Password: Vector123""",2,94.5,Southbound,52.932149,-7.467626,NOT-IN-SCOPE,,,,,,,,,,,,,,
M07_0089_3GR_1,339,3G Routers,Comms,VIRTUAL ACCESS GW2000,,VIRTUAL ACCESS,GW2000,00E0C800F78C,185,Installed,41791,45358,Good,VIRTUAL ACCESS GW2000,2,31.5,Southbound,53.1834,-6.73559,M7W-J11J10-31252W
M07_0089_ANP_1,341,ANPR ,TCIS  Parent Equipment,3M P392 +,,3M,P392+,16874,637,Installed,41064,45449,Good,ANPR 3M P392,2,31.5,Southbound,53.1833,-6.73548,M7W-J11J10-31252W
M07_0089_ANP_2,343,ANPR ,TCIS  Parent Equipment,3M P392 +,,3M,P392+,16869,N/A,Installed,41791,45449,Good,ANPR 3M P392,2,31.5,Southbound,53.1833,-6.73548,M7W-J11J10-31252W
M07_0119_3GR_1,1545,3G Routers,Comms,VIRTUAL ACCESS GW2000,,VIRTUAL ACCESS,GW2000,00E0C800FF81,299,Installed,41064,42676,Good,VIRTUAL ACCESS GW2000,2,24000,Northbound,53.2416,-6.66295,M7E-J9AJ9-22859E
M07_0119_ANP_1,TMP000748,ANPR ,TCIS  Parent Equipment,3M P392,,3M,P392,1524890,613,Installed,41791,45355,Good,ANPR 3M P392,3,24000,Northbound,53.2416,-6.66297,M7E-J9AJ9-22859E
M07_0119_ANP_2,TMP000749,ANPR ,TCIS  Parent Equipment,3M P392,,3M,P392,1519777,614,Installed,41791,45355,Good,ANPR 3M P392,3,24000,Northbound,53.2416,-6.66297,M7E-J9AJ9-22859E
M07_0120_3GR_1,952,3G Routers,Comms,VIRTUAL ACCESS GW2000,,VIRTUAL ACCESS,GW2000,00E0C800FF83,894,Installed,41791,45357,Good,VIRTUAL ACCESS GW2000,2,28.5,Northbound,53.1924,-6.72592,M7E-J10J11-30067E
M07_0120_ANP_1,955,ANPR ,TCIS  Parent Equipment,3M P392,,3M,P392,15693,615,Installed,41234,45448,Mediocre,ANPR PIPS P392,,,,,,
,,,,,,,,,,,,,,,,,,,,
",2,28.5,Northbound,53.1924,-6.72592,M7E-J10J11-30067E",,,,,,,,,,,,,,,,,,,,
M07_0120_ANP_2,956,ANPR ,TCIS  Parent Equipment,3M P392,,3M,P392,15699,616,Installed,41253,45448,Mediocre,ANPR 3M P392,2,28.5,Northbound,53.1924,-6.72592,M7E-J10J11-30067E
M07_0121_3GR_1,947,3G Routers,Comms,VIRTUAL ACCESS GW2040,,VIRTUAL ACCESS,GW2040,00E0C800FF8B,314,Installed,41791,45356,Good,VIRTUAL ACCESS GW2040,2,46,Northbound,53.1547,-6.95272,NOT-IN-SCOPE
M07_0121_ANP_1,949,ANPR ,TCIS  Parent Equipment,3M P392,,3M,P392,15698,617,Installed,41333,45449,Good,ANPR PIPS P392,2,46,Northbound,53.1548,-6.95252,NOT-IN-SCOPE
M07_0127_3GR_1,943,3G Routers,Comms,VIRTUAL ACCESS GW2000,,VIRTUAL ACCESS,GW2000,00E0C800FF95,311,Installed,41792,45362,Mediocre,VIRTUAL ACCESS GW2000,2,109,Northbound,52.9225,-7.66044,NOT-IN-SCOPE
M07_0136_3GR_1,81841,3G Routers,Comms,VIRTUAL ACCESS GW2020,,VIRTUAL ACCESS,GW2020,Sn0387,888,Installed,41426,45376,Good,VIRTUAL ACCESS GW2020,2,165,Southbound,52.7769,-8.37783,NOT-IN-SCOPE
M07_0136_VMS_1,3158,  MS4,VMS,VMS SES SCU3,,SES,SCU3v3,76871,VMS 136,Installed,42053,45447,Good,VARIABLE MESSAGE SIGN SCU3v3,2,165,Southbound,52.7769,-8.37789,NOT-IN-SCOPE
M07_0138_3GR_1,3167,3G Routers,Comms,VIRTUAL ACCESS GW2000,,VIRTUAL ACCESS,GW2000,00E0C800FF92,283,Installed,41792,45377,Good,VIRTUAL ACCESS GW2000,2,166,Southbound,52.7602,-8.40066,NOT-IN-SCOPE
M07_0153_3GR_1,81995,3G Routers,Comms,VIRTUAL ACCESS GW2028,,VIRTUAL ACCESS,GW2028,00E0C8134DEE,956/ VMS 153,Installed,43564,45272,Good,VIRTUAL ACCESS GW2028,2,120,Southbound,52.9228,-7.7909,NOT-IN-SCOPE
M07_0154_3GR_1,82006,3G Routers,Comms,VIRTUAL ACCESS GW2028,,VIRTUAL ACCESS,GW2028,00E0C8138DDF,,Installed,43564,45272,Good,VIRTUAL ACCESS GW2028,2,129,Southbound,52.8866,-7.94136,NOT-IN-SCOPE
M07_0155_3GR_1,82027,3G Routers,Comms,VIRTUAL ACCESS GW2028,,VIRTUAL ACCESS,GW2028,00E0C8138DF3,,Installed,43564,45272,Good,VIRTUAL ACCESS GW2028,2,130,Northbound,52.8859,-7.94965,NOT-IN-SCOPE
M07_0156_3GR_1,82125,3G Routers,Comms,VIRTUAL ACCESS GW2028,,VIRTUAL ACCESS,GW2028,2019156,992,Installed,43564,45272,Good,VIRTUAL ACCESS GW2028,2,143,Westbound,52.8613,-8.11171,NOT-IN-SCOPE
M07_0157_3GR_1,82031,3G Routers,Comms,VIRTUAL ACCESS GW2028,,VIRTUAL ACCESS,GW2028,00E0C8138FB7,1007,Installed,43564,45272,Good,VIRTUAL ACCESS GW2028,2,144,Northbound,52.8583,-8.12753,NOT-IN-SCOPE
M07_0158_3GR_1,82131,3G Routers,Comms,VIRTUAL ACCESS GW2028,,VIRTUAL ACCESS,GW2028,00E0C8138FB9,994,Installed,43564,45272,Good,VIRTUAL ACCESS GW2028,2,168,Northbound,52.7536,-8.41765,NOT-IN-SCOPE
M07_0205_CCT_1,91559,CCTV Cameras,CCTV,AXIS - Q6215-LE,,AXIS,Q6215-LE,b8a44f1d06e8,STRATOCAST,Installed,44999,45432,Good,STRATOCAST CCTV CAMERA,,20.5,WESTBOUND,53.2347,-6.63472,M7W-J9J9-20751W
M07_023.0_E_TMU,987680046,Traffic Monitoring Units,Monitoring Detectors,TDC - TMU2,,Q-Free,TMU2,2310,1074,Installed,44499,45344,Good,,,,Eastbound,53.23643,-6.62615,N7E-J9J8-20135E
M07_0245_CCT_1,91560,CCTV Cameras,CCTV,AXIS - Q6215-LE,,AXIS,Q6215-LE,b8a44f1d06b4 ,STRATOCAST,Installed,45000,45428,Good,STRATOCAST CCTV CAMERA,,24.5,NORTHBOUND,53.2356,-6.68342,M7E-J9AJ9A-24365E
M07_025.0_E_3GR,EA11452,3G Routers,Comms,TDC Telit MOD3G,,TDC Telit,MOD3G,20072,20072,Installed,40909,,Good,,0,25,E,53.2414,-6.66288,M7E-J9AJ9-22859E
M07_025.0_E_BTD,EA13014,Bluetooth Detectors,Monitoring Detectors,Bluetooth,,Bluetooth,,10044,40072,Installed,41941,,Good,Bluetooth Detector M7,0,25,Eastbound,53.2414,-6.66288,M7E-J9AJ9-22859E
M07_025.0_E_TMU,EA11169,Traffic Monitoring Units,Monitoring Detectors,TDC - TMU2,,TDC,TMU2,2325,20072,Installed,40909,45086,Good,TDC TMU MAINS ,0,25,Eastbound,53.2414,-6.66288,M7E-J9AJ9-22859E
M07_028.5_E_TMU,987680082,Traffic Monitoring Units,Monitoring Detectors,TDC - TMU2,,Q-Free,TMU2,2309,1075,Installed,44487,45344,Good,,,,Eastbound,53.22329,-6.6989,M7E-J9AJ10-26089E
M07_030.0_W_3GR,EA11453,3G Routers,Comms,VIRTUAL ACCESS GW2000,,VIRTUAL ACCESS,GW2000,20073,20073,Installed,40909,,Good,,,30,SouthWestbound,53.1834,-6.7355,M7W-J11J10-31252W
M07_030.0_W_BTD,EA13019,Bluetooth Detectors,Monitoring Detectors,Bluetooth,,Bluetooth,,10054,40073,Installed,41948,,Good,Bluetooth Detector M7,0,30,Westbound,53.183406,-6.735517,M7W-J11J10-31252W
M07_031.0_W_TMU,EA11170,Traffic Monitoring Units,Monitoring Detectors,TDC - TMU2,,Q-Free,TMUX,10373,1076,Installed,45305,45142,Good,TDC TMU MAINS,6,31,Westbound,53.1834,-6.7355,M7W-J11J10-31252W
M07_035.0_N_3GR,EA11454,3G Routers,Comms,TDC Telit MOD3G,,TDC Telit,MOD3G,20074,20074,Installed,40909,,Good,,0,35,NE,53.1664,-6.76811,M7E-J11J12-34200E
M07_035.0_N_BTD,EA13013,Bluetooth Detectors,Monitoring Detectors,Bluetooth,,Bluetooth,,10053,40074,Installed,41941,,Good,Bluetooth Detector M7,0,35,Northbound,53.1664,-6.76811,M7E-J11J12-34200E
M07_035.0_N_TMU,EA11171,Traffic Monitoring Units,Monitoring Detectors,TDC - TMU2,,TDC,TMU2,1231,20074,Installed,40909,45089,Good,TDC TMU MAINS ,0,35,Northbound,53.1664,-6.76811,M7E-J11J12-34200E
M07_040.0_E_3GR,EA11455,3G Routers,Comms,TDC Telit MOD3G,,TDC Telit,MOD3G,20075,20075,Installed,40909,,Good,,0,40,E,53.1588,-6.85208,NOT-IN-SCOPE
M07_040.0_E_BTD,EA13002,Bluetooth Detectors,Monitoring Detectors,Bluetooth,,Bluetooth,,10079,40075,Installed,41928,,Good,Bluetooth Detector M7,0,40,Eastbound,53.1588,-6.85208,NOT-IN-SCOPE
M07_040.0_E_TMU,EA11172,Traffic Monitoring Units,Monitoring Detectors,TDC - TMU2,,TDC,TMU2,1241,20075,Installed,40909,45111,Good,TDC TMU SOLAR ,0,40,Eastbound,53.1588,-6.85208,NOT-IN-SCOPE
M07_045.0_E_BTD,EA13020,Bluetooth Detectors,Monitoring Detectors,Bluetooth,,Bluetooth,,10055,40076,Installed,41948,,Good,Bluetooth Detector M7,0,45,Eastbound,53.154712,-6.952647,NOT-IN-SCOPE
M07_065.0_S_3GR,EA11457,3G Routers,Comms,TDC Telit MOD3G,,TDC Telit,MOD3G,20077,20077,Installed,40909,,Good,,0,65,SouthWestbound,53.092,-7.16771,NOT-IN-SCOPE
M07_065.0_S_BTD,EA13004,Bluetooth Detectors,Monitoring Detectors,Bluetooth,,Bluetooth,,10081,40077,Installed,41933,,Good,Bluetooth Detector M7,0,65,SouthWestbound,53.092,-7.16771,NOT-IN-SCOPE
M07_065.0_S_TMU,EA11174,Traffic Monitoring Units,Monitoring Detectors,TDC - TMU2,,TDC,TMU2,2286,20077,Installed,40909,45111,Good,TDC TMU SOLAR ,0,65,Southbound,53.092,-7.16771,NOT-IN-SCOPE
M07_070.0_S_3GR,EA11458,3G Routers,Comms,TDC Telit MOD3G,,TDC Telit,MOD3G,20078,20078,Installed,40909,,Good,,0,70,SouthWestbound,53.0526,-7.23607,NOT-IN-SCOPE
M07_070.0_S_BTD,EA13005,Bluetooth Detectors,Monitoring Detectors,Bluetooth,,Bluetooth,,10039,40078,Installed,41933,,Good,Bluetooth Detector M7,0,70,SouthWestbound,53.0526,-7.23607,NOT-IN-SCOPE
M07_070.0_S_TMU,EA11175,Traffic Monitoring Units,Monitoring Detectors,TDC - TMU2,,TDC,TMU2,1247,20078,Installed,40909,45111,Good,TDC TMU SOLAR,0,70,Southbound,53.0526,-7.23607,NOT-IN-SCOPE
M07_080.0_W_3GR,EA11459,3G Routers,Comms,TDC Telit MOD3G,,TDC Telit,MOD3G,20079,20079,Installed,40909,,Good,,0,80,Westbound,53.0131,-7.29836,NOT-IN-SCOPE
M07_080.0_W_BTD,EA13012,Bluetooth Detectors,Monitoring Detectors,Bluetooth,,Bluetooth,,10049,40079,Installed,41941,,Good,,0,80,Westbound,53.0131,-7.29836,NOT-IN-SCOPE
M07_080.0_W_TMU,EA11176,Traffic Monitoring Units,Monitoring Detectors,TDC - TMU2,,TDC,TMU2,1261,20079,Installed,40909,45111,Good,TDC TMU MAINS,0,80,Westbound,53.0131,-7.29836,NOT-IN-SCOPE
M07_110.0_E_3GR,EA11548,3G Routers,Comms,TDC Telit MOD3G,,TDC Telit,MOD3G,200717,200717,Installed,40909,,Good,,0,110,E,52.9231,-7.65301,NOT-IN-SCOPE
M07_110.0_E_BTD,EA13017,Bluetooth Detectors,Monitoring Detectors,Bluetooth,,Bluetooth,,10098,400717,Installed,41947,,Good,,0,110,E,52.9231,-7.65301,NOT-IN-SCOPE
M07_110.0_E_TMU,EA11265,Traffic Monitoring Units,Monitoring Detectors,TDC - TMU2,,TDC,TMU2,1002,200717,Installed,40909,45120,Good,TDC TMU MAINS ,0,110,Eastbound,52.9231,-7.65301,NOT-IN-SCOPE
M07_125.00_N_3GR,EA11547,3G Routers,Comms,TDC Telit MOD3G,,TDC Telit,MOD3G,200716,200716,Installed,40909,,Good,,0,125,NE,52.9004,-7.90311,NOT-IN-SCOPE
M07_125.00_N_BTD,EA13011,Bluetooth Detectors,Monitoring Detectors,Bluetooth,,Bluetooth,,10090,400716,Installed,41935,,Good,,0,125,NE,52.9004,-7.90311,NOT-IN-SCOPE
M07_125.00_N_TMU,EA11264,Traffic Monitoring Units,Monitoring Detectors,TDC - TMU2,,TDC,TMU2,1078,200716,Installed,40909,45112,Good,TDC TMU SOLAR ,0,125,Northbound,52.9004,-7.90311,NOT-IN-SCOPE
M07_130.00_E_3GR,EA11546,3G Routers,Comms,TDC Telit MOD3G,,TDC Telit,MOD3G,200715,200715,Installed,40909,,Good,,0,130,E,52.8834,-7.97528,NOT-IN-SCOPE
M07_130.00_E_BTD,EA13007,Bluetooth Detectors,Monitoring Detectors,Bluetooth,,Bluetooth,,10078,400715,Installed,41933,,Good,,0,130,E,52.8834,-7.97528,NOT-IN-SCOPE
M07_130.00_E_TMU,EA11263,Traffic Monitoring Units,Monitoring Detectors,TDC - TMU2,,TDC,TMU2,1226,200715,Installed,40909,45112,Good,TDC TMU SOLAR ,0,130,Eastbound,52.8834,-7.97528,NOT-IN-SCOPE
M07_145.00_S_3GR,EA11549,3G Routers,Comms,TDC Telit MOD3G,,TDC Telit,MOD3G,200718,200718,Installed,40909,,Good,,0,145,SouthWestbound,52.8548,-8.13971,NOT-IN-SCOPE
M07_145.00_S_BTD,EA13006,Bluetooth Detectors,Monitoring Detectors,Bluetooth,,Bluetooth,,10035,400718,Installed,41933,,Good,,0,145,SouthWestbound,52.8548,-8.13971,NOT-IN-SCOPE
M07_145.00_S_TMU,EA11266,Traffic Monitoring Units,Monitoring Detectors,TDC - TMU2,,TDC,TMU2,1116,200718,Installed,40909,45112,Good,TDC TMU SOLAR,0,145,Southbound,52.8548,-8.13971,NOT-IN-SCOPE
M07_150.0_N_3GR,EA11550,3G Routers,Comms,TDC Telit MOD3G,,TDC Telit,MOD3G,200719,200719,Installed,40909,,Good,,0,150,N,52.848,-8.16945,NOT-IN-SCOPE
M07_150.0_N_BTD,EA13015,Bluetooth Detectors,Monitoring Detectors,Bluetooth,,Bluetooth,,10051,400719,Installed,41942,,Good,,0,150,N,52.848,-8.16945,NOT-IN-SCOPE
M07_150.0_N_TMU,EA11267,Traffic Monitoring Units,Monitoring Detectors,TDC - TMU2,,TDC,TMU2,1199,200719,Installed,40909,45112,Mediocre,TDC TMU MAINS ,0,150,Northbound,52.848,-8.16945,NOT-IN-SCOPE
M07_163.0_W_TMU,83408,Traffic Monitoring Units,Monitoring Detectors,UTC-L,,Q-Free,UTC-L,6300,100720,Installed,1,45173,Good,Q-FREE TDC TMU,,,Westbound,52.7775,-8.377,NOT-IN-SCOPE
M07_170.00_N_3GR,EA11551,3G Routers,Comms,TDC Telit MOD3G,,TDC Telit,MOD3G,200720,200720,Installed,40909,,Good,,0,170,NE,52.7619,-8.39795,NOT-IN-SCOPE
M07_170.00_N_BTD,EA13010,Bluetooth Detectors,Monitoring Detectors,Bluetooth,,Bluetooth,,10050,400720,Installed,41934,,Good,,0,170,NE,52.7619,-8.39795,NOT-IN-SCOPE
M07_170.00_N_TMU,EA11268,Traffic Monitoring Units,Monitoring Detectors,TDC - TMU2,,TDC,TMU2,1214,200720,Installed,40909,45177,Good,TDC TMU SOLAR,0,170,Northbound,52.7619,-8.39795,NOT-IN-SCOPE
M07_170.00_S_3GR,EA11552,3G Routers,Comms,TDC Telit MOD3G,,TDC Telit,MOD3G,200721,200721,Installed,40909,,Good,,0,170,SouthWestbound,52.7529,-8.41886,NOT-IN-SCOPE
M07_170.00_S_BTD,EA13008,Bluetooth Detectors,Monitoring Detectors,Bluetooth,,Bluetooth,,10080,400721,Installed,41934,,Good,,0,170,SouthWestbound,52.7529,-8.41886,NOT-IN-SCOPE
M07_170.00_S_TMU,EA11269,Traffic Monitoring Units,Monitoring Detectors,TDC - TMU2,,TDC,TMU2,1190,200721,Installed,40909,45176,Good,TDC TMU MAINS ,0,170,Southbound,52.7529,-8.41886,NOT-IN-SCOPE
M07_180.00_N_3GR,EA11553,3G Routers,Comms,TDC Telit MOD3G,,TDC Telit,MOD3G,200722,200722,Installed,40909,,Good,,0,180,N,52.6673,-8.51609,NOT-IN-SCOPE
M07_180.00_N_BTD,EA13009,Bluetooth Detectors,Monitoring Detectors,Bluetooth,,Bluetooth,,10047,400722,Installed,41934,,Good,,0,180,N,52.6673,-8.51609,NOT-IN-SCOPE
M07_180.00_N_TMU,EA11270,Traffic Monitoring Units,Monitoring Detectors,TDC - TMU2,,TDC,TMU2,1220,200722,Installed,40909,45174,Good,TDC TMU SOLAR ,0,180,Northbound,52.6673,-8.51609,NOT-IN-SCOPE
M07_190.0_N_3GR,EA11544,3G Routers,Comms,TDC Telit MOD3G,,TDC Telit,MOD3G,200713,200713,Installed,40909,,Good,,0,190,N,52.6395,-8.58542,NOT-IN-SCOPE
M07_190.0_N_BTD,EA13016,Bluetooth Detectors,Monitoring Detectors,Bluetooth,,Bluetooth,,10096,400713,Installed,41947,,Good,,0,190,N,52.6395,-8.58542,NOT-IN-SCOPE
M07_190.0_N_TMU,EA11261,Traffic Monitoring Units,Monitoring Detectors,TDC - TMU2,,TDC,TMU2,1050,200713,Installed,40909,45176,Good,TDC TMU MAINS ,0,190,Southbound,52.6395,-8.58542,NOT-IN-SCOPE
M07_45.00_E_3GR,EA11456,3G Routers,Comms,TDC Telit MOD3G,,TDC Telit,MOD3G,20076,20076,Installed,40909,,Good,,0,45,E,53.1547,-6.95265,NOT-IN-SCOPE
M07_45.00_E_TMU,EA11173,Traffic Monitoring Units,Monitoring Detectors,TDC - TMU2,,TDC,TMU2,1137,20076,Installed,40909,45111,Good,TDC TMU MAINS ,0,45,Eastbound,53.1547,-6.95265,NOT-IN-SCOPE
M7_038.5_W_Driver,83404,Dynamic Warning Sign,DWS,Daktronics SWS Mains,,Carra Group,ComsHub,N/A,,Installed,44151,,Good,,,385,Westbound,53.1618,-6.82631,NOT-IN-SCOPE
M7_038_W_Driver,83396,Dynamic Warning Sign,DWS,Daktronics SWS Mains,,Carra Group,,N/A,,Installed,44150,,Good,,,38,Westbound,53.1622,-6.82085,M7W-J12J12-38052W
M7_044.5_W_Driver,83406,Dynamic Warning Sign,DWS,Daktronics SWS Mains,,Carra Group,,N/A,,Installed,44152,,Good,,,445,Westbound,53.1513,-6.9182,NOT-IN-SCOPE
M7_044_W_Driver,83405,Dynamic Warning Sign,DWS,Daktronics SWS Mains,,Carra Group,,N/A,,Installed,44152,,Good,,,44,Westbound,53.1514,-6.91338,NOT-IN-SCOPE
M7_045_W_Driver,83407,Dynamic Warning Sign,DWS,Daktronics SWS Mains,,Carra Group,,N/A,,Installed,44151,,Good,,,45,Westbound,53.1522,-6.92347,NOT-IN-SCOPE
M7_B4_J16_Main_East,3203,Vehicle Activated Signs,DWS,Wrong Way Driver Sign,,,,,,Installed,1,,Good,,0,,,53.056099,-7.232198,NOT-IN-SCOPE
M7_B4_J16_Main_West,3205,Vehicle Activated Signs,DWS,Wrong Way Driver Sign,,,,,,Installed,1,,Good,,0,,,53.0453,-7.242864,NOT-IN-SCOPE
M7_J16_Slip_rd_East,3204,Vehicle Activated Signs,DWS,Wrong Way Driver Sign,,,,,,Installed,1,,Good,,0,,,53.04966251,-7.240775706,NOT-IN-SCOPE
M7_J16_Slip_rd_West,3206,Vehicle Activated Signs,DWS,Wrong Way Driver Sign,,,,,,Installed,1,,Good,,0,,,53.05050736,-7.238039853,NOT-IN-SCOPE
M7_J17_Main_East,3208,Vehicle Activated Signs,DWS,Wrong Way Driver Sign,,,,,,Installed,,,Good,,0,,,,,NOT-IN-SCOPE
M7_J17_Main_West,3209,Vehicle Activated Signs,DWS,Wrong Way Driver Sign,,,,,,Installed,,,Good,,0,,,,,NOT-IN-SCOPE
M7_J17_Slip_Rd_East,3202,Vehicle Activated Signs,DWS,Wrong Way Driver Sign,,,,,,Installed,1,,Good,,0,,,53.01368634,-7.305139923,NOT-IN-SCOPE
M7_J17_Slip_Rd_West,3207,Vehicle Activated Signs,DWS,Wrong Way Driver Sign,,,,,,Installed,1,,Good,,0,,,53.01297067,-7.301571252,NOT-IN-SCOPE
M7E-J11J10-28670E-VMST,954,  MS3,VMS,VMS MS3 HD (376x88),,Daktronics,MS3 HD 3x18,201109558,473,Installed,41249,45448,Good,VARIABLE MESSAGE SIGN MS3 HD 3x18,2,28.5,Northbound,53.1924,-6.72592,M7E-J10J11-30067E
M7E-J14J13-46950E-VMST,950,  MS3,VMS,VMS MS3 HD (376x88),,Daktronics,MS3 HD 3x18,201109559,318,Installed,41331,45356,Good,VARIABLE MESSAGE SIGN MS3 HD 3x18,2,46,Northbound,53.1548,-6.95252,NOT-IN-SCOPE
M7E-J22J21-108825E-VMST,944,  MS3,VMS,VMS MS3 HD (376x88),,Daktronics,MS3 HD 3x18,201109562,309,Installed,41263,45363,Good,VARIABLE MESSAGE SIGN MS3 HD 3x18,2,109,Northbound,52.9225,-7.66059,NOT-IN-SCOPE
M7E-J24J23-130145E-VMST,82029,  MS4,VMS,VMS VF2360 (128x224),,Daktronics,VF2360,20190155,989 / VMS 155,Installed,43564,45377,Good,VARIABLE MESSAGE SIGN VF2360,2,130,Northbound,52.8859,-7.94965,NOT-IN-SCOPE
M7E-J25J24-142805E-VMST,82032,  MS4,VMS,VMS VF2360 (128x224),,Daktronics,VF2360,2019157,985/ VMS 157,Installed,43564,45447,Good,VARIABLE MESSAGE SIGN VF2360,2,144,Northbound,52.8583,-8.12753,NOT-IN-SCOPE
M7E-J28J27-167740E-VMST,82132,  MS4,VMS,VMS VF2360 (128x224),,Daktronics,VF2360,20190158,999/VMS 158,Installed,43564,45377,Good,VARIABLE MESSAGE SIGN VF2360,2,168,Northbound,52.7536,-8.41765,NOT-IN-SCOPE
M7W-J10J11-31230W-VMST,340,  MS3,VMS,VMS MS3 HD (376x88),,Daktronics,MS3 HD 3x18,201009241,235,Installed,40841,45449,Good,VARIABLE MESSAGE SIGN MS3 HD 3x18,2,31.5,Southbound,53.1833,-6.73548,M7W-J11J10-31252W
M7W-J18J19-94500W-VMST,347,  MS3,VMS,VMS MS3 HD (376x88),,Daktronics,MS3 HD 3x18,201005098,213,Installed,41821,45366,Good,VARIABLE MESSAGE SIGN MS3 HD 3x18,2,94.5,Southbound,52.9322,-7.46786,NOT-IN-SCOPE
M7W-J22-118130W-VMST,81997,  MS4,VMS,VMS VF2360 (128x224),,Daktronics,VF2360,20190153,990/ VMS 153,Installed,43564,45366,Good,VARIABLE MESSAGE SIGN VF2360,2,120,Southbound,52.9228,-7.7909,NOT-IN-SCOPE
M7W-J22J23-129630W-VMST,82007,  MS4,VMS,VMS VF2360 (128x224),,Daktronics,VF2360,20190154,986/ VMS 154,Installed,43564,45366,Good,VARIABLE MESSAGE SIGN VF2360,2,129,Southbound,52.8866,-7.94136,NOT-IN-SCOPE
M7W-J23J24-141685W-VMST,82134,  MS4,VMS,VMS VF2360 (128x224),,Daktronics,VF2360,1391063/1387219,997/VMS 156,Installed,43564,45377,Good,VARIABLE MESSAGE SIGN VF2360,2,143,Southbound,52.8613,-8.11171,NOT-IN-SCOPE
M7W-J26J27-165870W-VMST,3166, Large Urban,VMS,VMS RGB (192x72),,Daktronics,DD 2014 (192 x 72),201411030,884,Installed,42145,45447,Good,VARIABLE MESSAGE SIGN DD 2014 (192 x 72),0,166,Southbound,52.7602,-8.40067,NOT-IN-SCOPE
N07_000.0_S_3GR,EA11309,3G Routers,Comms,TDC Telit MOD3G,,TDC Telit,MOD3G,1072,1072,Installed,40909,,Good,,8,0,SouthWestbound,53.3049,-6.41113,N7W-J2J1A-3547W
N07_000.0_S_BTD,EA13001,Bluetooth Detectors,Monitoring Detectors,Bluetooth,,Bluetooth,,10084,4072,Installed,41928,,Good,,8,0,SouthWestbound,53.3049,-6.41113,N7W-J2J1A-3547W
N07_000.0_W_TMU,EA11026,Traffic Monitoring Units,Monitoring Detectors,TDC - TMU2,,TDC,TMU2,1269,1072,Installed,40909,45273,Good,,8,0,SouthWestbound,53.3049,-6.41113,N7W-J2J1A-3547W
N07_001.0_E_3GR,EA11307,3G Routers,Comms,TDC Telit MOD3G,,TDC Telit,MOD3G,1070,1070,Installed,40909,,Good,,,1,E,53.3161,-6.37874,N7E-J1J1A-973E
N07_001.0_E_TMU,EA11024,Traffic Monitoring Units,Monitoring Detectors,TDC - TMU2,,TDC,TMU2,1123,1070,Installed,40909,45306,Good,,,1,E,53.3161,-6.37874,N7E-J1J1A-973E
N07_001_CCT_1,90674,CCTV Cameras,CCTV,AXIS - Q6215-LE,,AXIS,Q6215-LE,B8A44F1D0315,N/A,Installed,44475,45429,Good,STRATOCAST PROJECT,,1,EASTBOUND,53.3161,-6.37874,N7E-J1J1A-973E
N07_001_LCS_1,3801,Lane Control Signal,VMS,LCS VF2360 (64X80),,Daktronics,LCS,201508125,935,Installed,42273,45386,Good,DATA DISPLAY 3 SECTION LANE CONTROL SYSTEM,3,1,Eastbound,53.3161,-6.37874,N7E-J1J1A-973E
N07_0017_3GR_1,90457,3G Routers,Comms,Robustel,,Robustel,4G ROUTER,SN: 01572321120005,,Installed,44627,,Good,ROBUSTEL 4G ROUTER,,17,NORTHBOUND,53.25,-6.59086,N7E-J7J8-17327E
N07_0017_CCT_1,90458,CCTV Cameras,CCTV,AXIS - Q6155-E,,AXIS,Q6155,ACCC8E9A1F59,,Installed,44630,45429,Good,STRATOCAST CCTV CAMERA,,17,NORTHBOUND,53.25,-6.59086,N7E-J7J8-17327E
N07_005.0_E_BTD,EA13000,Bluetooth Detectors,Monitoring Detectors,Bluetooth,,Bluetooth,,10034,4071,Installed,41928,,Good,,6,5,NE,53.2979,-6.42507,N7E-J2J3-4766E
N07_005.0_N_3GR,EA11308,3G Routers,Comms,TDC Telit MOD3G,,TDC Telit,MOD3G,1071,1071,Installed,40909,,Good,,6,5,NE,53.2979,-6.42507,N7E-J2J3-4766E
N07_005.0_N_TMU,EA11025,Traffic Monitoring Units,Monitoring Detectors,TDC - TMU2,,TDC,TMU2,1255,1071,Installed,40909,45254,Good,,6,5,NE,53.2979,-6.42507,N7E-J2J3-4766E
N07_0056_3GR_1,TMP000747,3G Routers,Comms,VIRTUAL ACCESS GW2040,,VIRTUAL ACCESS,GW2040,00E0C8138684,GW2040_40,Installed,45057,45384,Good,VIRTUAL ACCESS GW2028 5G,,,,,,
"(replaced previous GW2040)""",3,0,Northbound,53.3167,-6.37599,N7E-J1J1A-799E,,,,,,,,,,,,,,
N07_0056_ANP_1,90706,ANPR ,TCIS  Parent Equipment,3M P520,,PIPS,P520,CIL50030201100,531,Installed,44866,45429,Good,ANPR P520,3,0,Northbound,53.3166,-6.37589,N7E-J1J1A-799E
N07_0056_ANP_2,90707,ANPR ,TCIS  Parent Equipment,3M P520,,PIPS,P520,CIL50030201103,533,Installed,44866,45433,Good,PIPS P520 ANPR,3,0,Northbound,53.3168,-6.37598,N7E-J1J1A-799E
N07_006.5_E_TMU,82055,Traffic Monitoring Units,Monitoring Detectors,TDC - TMU2,,Q-Free,TMU2,2250,1073,Installed,43472,45274,Good,TMU 2 SERIES 4,2,,Eastbound,53.2902,-6.44724,N7E-J4J3A-6595E
N07_0077_3GR_1,97,3G Routers,Comms,VIRTUAL ACCESS GW2000,,VIRTUAL ACCESS,GW2000,00E0C800F771,GW2030_18,Installed,41791,45356,Good,VIRTUAL ACCESS GW2000,3,1500,Westbound,53.3091,-6.40249,N7W-J1AJ2-3207W
N07_0077_3GR_2,90455,3G Routers,Comms,Robustel,,Robustel,4G ROUTER,SN: 01572321120001,,Installed,44630,,Good,ROBUSTEL 4G ROUTER,,15000,WESTBOUND,53.3092,-6.40259,N7W-J1AJ2-3207W
N07_0077_ANP_1,99,ANPR ,TCIS  Parent Equipment,3M P392,,3M,P392,15705,ANPR_1121,Installed,41227,45448,Good,ANPR 3M P392,3,1500,Westbound,53.3092,-6.40259,N7W-J1AJ2-3207W
N07_0077_ANP_2,100,ANPR ,TCIS  Parent Equipment,3M P392,,3M,P392,15737,ANPR_1122,Installed,41227,45448,Good,ANPR 3M P392,3,1500,Westbound,53.3092,-6.40259,N7W-J1AJ2-3207W
N07_0077_CCT_1,90456,CCTV Cameras,CCTV,AXIS - Q6155-E,,AXIS,Q6155,ACCC8EED0F4B,,Installed,44628,45429,Good,STRATOCAST CCTV CAMERA,,1500,WESTBOUND,53.3092,-6.40259,N7W-J1AJ2-3207W
N07_0086_3GR_1,961,3G Routers,Comms,VIRTUAL ACCESS GW2000,,VIRTUAL ACCESS,GW2000,00E0C800F76F,110,Installed,41792,45363,Good,VIRTUAL ACCESS GW2000,3,8500,Northbound,53.2902,-6.44728,N7E-J4J3A-6595E
N07_0086_ANP_1,965,ANPR ,TCIS  Parent Equipment,3M P392,,3M,P392,15733,ANPR_1133,Installed,41227,45363,Good,ANPR PIPS P392,3,8.5,Northbound,53.2902,-6.4474,N7E-J4J3A-6595E
N07_0086_ANP_2,123,ANPR ,TCIS  Parent Equipment,3M P392,,3M,P392,15691,529,Installed,40599,45363,Good,ANPR 3M P392,3,8.5,Northbound,53.2902,-6.4474,N7E-J4J3A-6595E
N07_0086_CCT_1,90675,CCTV Cameras,CCTV,AXIS - Q6215-LE,,AXIS,Q6215-LE,B8A44F1D0314,STRATOCAST,Installed,44877,45429,Good,STRATOCAST PROJECT,,8500,NORTHBOUND,53.2902,-6.44728,N7E-J4J3A-6595E
N07_0093_3GR_1,883,3G Routers,Comms,VIRTUAL ACCESS GW2000,,VIRTUAL ACCESS,GW2000,00E0C800F778,193,Installed,41792,45370,Good,VIRTUAL ACCESS GW2000,2,,Northbound,53.3028,-6.42135,N7E-J2J2-4254E
N07_0101_3GR_1,83741,3G Routers,Comms,VIRTUAL ACCESS GW2028,,VIRTUAL ACCESS,GW2028,00E0C813BB92,,Installed,44445,,Good,VIRTUAL ACCESS GW2028,0,1,Eastbound,53.3149,-6.38247,N7E-J1AJ1-1727E
N07_0103_3GR_1,83738,3G Routers,Comms,VIRTUAL ACCESS GW2028,,VIRTUAL ACCESS,GW2028,00EC813BB73,,Installed,44445,,Good,VIRTUAL ACCESS GW2028,0,3,Eastbound,53.3083,-6.40453,N7E-J1AJ2-2942E
N07_0105_3GR_1,TMP000735,3G Routers,Comms,VIRTUAL ACCESS GW2040,,VIRTUAL ACCESS,GW2040,00E0C800FE02,191,Installed,41792,45362,Good,VIRTUAL ACCESS GW2040,2,,Southbound,53.3212,-6.35903,NOT-IN-SCOPE
N07_0117_3GR_1,958,3G Routers,Comms,VIRTUAL ACCESS GW2000,,VIRTUAL ACCESS,GW2000,00E0C800FF7D,332,Installed,41791,45353,Good,VIRTUAL ACCESS GW2000,3,13.5,Northbound,53.2626,-6.53738,N7E-J6J5-13467E
N07_0117_ANP_1,959,ANPR ,TCIS  Parent Equipment,3M P392,,3M,P392,15460,611,Installed,41361,45182,Good,ANPR PIPS P392,,,,,,
",3,13.5,Northbound,53.2626,-6.53738,N7E-J6J5-13467E",,,,,,,,,,,,,,,,,,,,
N07_0117_ANP_2,960,ANPR ,TCIS  Parent Equipment,3M P392,,3M,P392,15702,612,Installed,41361,45182,Good,ANPR PIPS P392,3,13.5,Northbound,53.2626,-6.53738,N7E-J6J5-13467E
N07_0123_3GR_1,333,3G Routers,Comms,VIRTUAL ACCESS GW2000,,VIRTUAL ACCESS,GW2000,00E0C800FF8D,310,Installed,41791,45355,Good,VIRTUAL ACCESS GW2000,3,14,Westbound,53.2603,-6.54369,N7W-J6J5-14037W
N07_0123_ANP_2,336,ANPR ,TCIS  Parent Equipment,3M P392,,3M,P392,15731,622,Installed,41253,45449,Good,ANPR 3M P392,3,14,Westbound,53.2598,-6.54586,N7W-J6J5-14133W
N07_015.0_N_3GR,EA11564,3G Routers,Comms,TDC Telit MOD3G,,TDC Telit,MOD3G,,2007231,Installed,40909,,Good,,0,15,NE,53.2597,-6.5458,N7W-J6J5-14132W
N07_015.0_S_3GR,EA11554,3G Routers,Comms,VIRTUAL ACCESS GW2000,,VIRTUAL ACCESS,GW2000,200723,200723,Installed,40909,,Good,,0,15,SouthWestbound,53.2597,-6.5458,N7W-J6J5-14133W
N07_015.0_W_TMU,EA11271,Traffic Monitoring Units,Monitoring Detectors,TDC - TMU2,,TDC,TMU2,2312,200723,Installed,40909,45127,Good,,0,15,SouthWestbound,53.2597,-6.5458,N7W-J6J5-14133W
N07_015_W_BTD,EA13018,Bluetooth Detectors,Monitoring Detectors,Bluetooth,,Bluetooth,,10059,400723,Installed,41948,,Good,,0,15,Westbound,53.2597,-6.5457,N7W-J6J5-14133W
N07_020.0_N_3GR,EA11451,3G Routers,Comms,TDC Telit MOD3G,,TDC Telit,MOD3G,20071,20071,Installed,40909,,Good,,0,20,NE,53.2472,-6.5991,N7E-J8J7-17958E
N07_020.0_N_BTD,EA13003,Bluetooth Detectors,Monitoring Detectors,Bluetooth,,Bluetooth,,10093,40071,Installed,41928,,Good,,0,20,,53.2472,-6.5991,N7E-J8J7-17958E
N07_020.0_N_TMU,EA11168,Traffic Monitoring Units,Monitoring Detectors,TDC - TMU2,,TDC,TMU2,1285,20071,Installed,40909,45127,Good,,0,20,NE,53.2502,-6.5907,N7E-J7J8-17327E
N07_LS0201_DWS_10,2502,Dynamic Warning Sign,DWS,Daktronics SWS Mains,,Daktronics,NRA SCHOOL UBA,201012123,192.168.231.9,Installed,41792,45201,Good,DWS SOLAR CLONENAGH R445,0,0,Southbound,53.0036,-7.47111,NOT-IN-SCOPE
N07_LS0202_DWS_1,2501,Dynamic Warning Sign,DWS,Daktronics SWS Mains,,Daktronics,NRA SCHOOL UBA,201404152,192.168.228.33,Installed,41792,45201,Poor,DWS MAINS CLONENAGH R445,0,0,Northbound,53.0033,-7.47389,NOT-IN-SCOPE
N07_TN0701_DWS_1,2514,Dynamic Warning Sign,DWS,Daktronics SWS Mains,,Daktronics,NRA SCHOOL LAN UBA MINI,201310122,192.168.231.233,Installed,41792,45314,Good,DWS MAINS NEWLINE N07,0,0,Westbound,52.9487,-7.79816,NOT-IN-SCOPE
N07_TN0702_DWS_1,2513,Dynamic Warning Sign,DWS,Daktronics SWS Mains,,Daktronics,NRA SCHOOL LAN UBA MINI,201310108,192.168.231.219,Installed,41792,45314,Good,DWS MAINS NEWLINE N07,0,0,Northbound,52.9492,-7.80177,NOT-IN-SCOPE
N07E-J1a-1330E-VMST,83742,  MS3,VMS,VMS VF2360 (96X384),,Daktronics,MS3,4918,1239,Installed,44481,45370,Good,VARIABLE MESSAGE SIGN MS3,0,1,Eastbound,53.314944,-6.382472,N7E-J1AJ1-1727E
N07E-J2J1a-3000E-VMST,83739,  MS3,VMS,VMS VF2360 (96X384),,Daktronics,MS3,1616862,1238,Installed,44481,45356,Good,VARIABLE MESSAGE SIGN MS3,0,3,Eastbound,53.30825,-6.404528,N7E-J1AJ2-2942E
