X,-6.364386,Y,53.318874,0,N07D1ML,N,7,W,708975.9979,731092.9664,REDCOW,County,South Dublin,N7 W 0
X,-6.371405,Y,53.316983,0.5,N07D1ML,N,7,W,708513.1826,730871.9086,REDCOW,County,South Dublin,N7 W 0.5
X,-6.37839,Y,53.315471,1,N07D1ML,N,7,W,708051.6266,730693.1181,BUSHELLOAF,County,South Dublin,N7 W 1
X,-6.385258,Y,53.313724,1.5,N07D1ML,N,7,W,707598.4212,730488.3633,NEWLANDS,County,South Dublin,N7 W 1.5
X,-6.392433,Y,53.312145,2,N07D1ML,N,7,W,707124.3174,730301.8727,NEWLANDS DEMESNE,County,South Dublin,N7 W 2
X,-6.399143,Y,53.310727,2.5,N07D1ML,N,7,W,706680.6984,730134.0508,BUCKANDHOUNDS,County,South Dublin,N7 W 2.5
X,-6.404314,Y,53.307596,3,N07D1ML,N,7,W,706343.9521,729778.0072,BEDLESSHILL,County,South Dublin,N7 W 3
X,-6.410423,Y,53.304841,3.5,N07D1ML,N,7,W,705943.6823,729462.389,KINGSWOOD,County,South Dublin,N7 W 3.5
X,-6.416808,Y,53.302471,4,N07D1ML,N,7,W,705523.9503,729189.2537,CORKAGH,County,South Dublin,N7 W 4
X,-6.422078,Y,53.299591,4.5,N07D1ML,N,7,W,705179.8105,728861.0966,BROWNSBARN,County,South Dublin,N7 W 4.5
X,-6.425921,Y,53.295774,5,N07D1ML,N,7,W,704933.0419,728430.7963,BROWNSBARN,County,South Dublin,N7 W 5
X,-6.4312,Y,53.292354,5.5,N07D1ML,N,7,W,704589.5036,728042.5078,BROWNSBARN,County,South Dublin,N7 W 5.5
X,-6.438645,Y,53.291136,6,N07D1ML,N,7,W,704096.1661,727896.1802,SAGGART,County,South Dublin,N7 W 6
X,-6.44562,Y,53.290079,6.5,N07D1ML,N,7,W,703633.7435,727768.3479,SAGGART,County,South Dublin,N7 W 6.5
X,-6.451035,Y,53.287193,7,N07D1ML,N,7,W,703279.6975,727439.4355,COLLEGELAND,County,South Dublin,N7 W 7
X,-6.456848,Y,53.284167,7.5,N07D1ML,N,7,W,702899.4034,727094.4251,RATHCOOLE,County,South Dublin,N7 W 7.5
X,-6.464459,Y,53.283287,8,N07D1ML,N,7,W,702394.0286,726985.5153,RATHCOOLE,County,South Dublin,N7 W 8
X,-6.471445,Y,53.282317,8.5,N07D1ML,N,7,W,701930.495,726867.6699,RATHCOOLE,County,South Dublin,N7 W 8.5
X,-6.478489,Y,53.280773,9,N07D1ML,N,7,W,701464.4397,726685.85,TOOTENHILL,County,South Dublin,N7 W 9
X,-6.485478,Y,53.279174,9.5,N07D1ML,N,7,W,701002.1802,726497.9784,TOOTENHILL,County,South Dublin,N7 W 9.5
X,-6.49251,Y,53.27757,10,N07D1ML,N,7,W,700536.9984,726309.5975,KEATINGSPARK,County,South Dublin,N7 W 10
X,-6.49976,Y,53.276336,10.5,N07D1ML,N,7,W,700056.4028,726162.2209,WINDMILLHILL,County,South Dublin,N7 W 10.5
X,-6.506574,Y,53.274875,11,N07D1ML,N,7,W,699605.3983,725990.0728,WINDMILLHILL,County,South Dublin,N7 W 11
X,-6.512309,Y,53.272076,11.5,N07D1ML,N,7,W,699229.3888,725670.7399,STEELSTOWN,County,South Dublin,N7 W 11.5
X,-6.518164,Y,53.269233,12,N07D1ML,N,7,W,698845.4593,725346.3066,STEELSTOWN,County,South Dublin,N7 W 12
X,-6.524191,Y,53.266564,12.5,N07D1ML,N,7,W,698449.5941,725040.963,HUTTONREAD,County,Kildare,N7 W 12.5
X,-6.530367,Y,53.263939,13,N07D1ML,N,7,W,698043.6415,724740.467,HUTTONREAD,County,Kildare,N7 W 13
X,-6.537154,Y,53.261954,13.5,N07D1ML,N,7,W,697595.4084,724510.3755,QUINSBOROUGH,County,Kildare,N7 W 13.5
X,-6.543877,Y,53.259983,14,N07D1ML,N,7,W,697151.3645,724281.8522,BLACKCHURCH,County,Kildare,N7 W 14
X,-6.550645,Y,53.258046,14.5,N07D1ML,N,7,W,696704.1722,724057.185,BLACKCHURCH,County,Kildare,N7 W 14.5
X,-6.55746,Y,53.256118,15,N07D1ML,N,7,W,696253.8559,723833.4281,KILWARDEN,County,Kildare,N7 W 15
X,-6.564435,Y,53.254537,15.5,N07D1ML,N,7,W,695791.9864,723648.2217,BLACKHILL,County,Kildare,N7 W 15.5
X,-6.571393,Y,53.252737,16,N07D1ML,N,7,W,695331.7085,723438.6741,BOHERPHILIP,County,Kildare,N7 W 16
X,-6.578747,Y,53.251764,16.5,N07D1ML,N,7,W,694843.1478,723320.5768,KILLHILL,County,Kildare,N7 W 16.5
X,-6.58594,Y,53.250563,17,N07D1ML,N,7,W,694365.8586,723177.4033,KILL EAST,County,Kildare,N7 W 17
X,-6.59265,Y,53.248869,17.5,N07D1ML,N,7,W,693921.8215,722980.1551,KILL WEST,County,Kildare,N7 W 17.5
X,-6.598897,Y,53.246451,18,N07D1ML,N,7,W,693510.2121,722702.8907,GREENHILLS (Salt South By),County,Kildare,N7 W 18
X,-6.60513,Y,53.243961,18.5,N07D1ML,N,7,W,693099.5902,722417.7604,GREENHILLS (Salt South By),County,Kildare,N7 W 18.5
X,-6.611403,Y,53.241497,19,N07D1ML,N,7,W,692686.2631,722135.4463,GREENHILLS (Salt South By),County,Kildare,N7 W 19
X,-6.617652,Y,53.239016,19.5,N07D1ML,N,7,W,692274.512,721851.3055,PALMERSTOWN,County,Kildare,N7 W 19.5
X,-6.623895,Y,53.236567,20,N07D1ML,N,7,W,691863.08,721570.7751,KERDIFFSTOWN,County,Kildare,N7 W 20
X,-6.630755,Y,53.234424,20.5,N07D1ML,M,7,W,691409.7408,721323.5404,MAUDLINGS,County,Kildare,M7 W 20.5
X,-6.638498,Y,53.235224,21,N07D1ML,M,7,W,690891.1042,721402.7022,MAUDLINGS,County,Kildare,M7 W 21
X,-6.644493,Y,53.238033,21.5,N07D1ML,M,7,W,690484.9808,721707.6076,MONREAD NORTH,County,Kildare,M7 W 21.5
X,-6.650428,Y,53.240526,22,N07D1ML,M,7,W,690083.6036,721977.5432,MONREAD NORTH,County,Kildare,M7 W 22
X,-6.657393,Y,53.241398,22.5,N07D1ML,M,7,W,689616.8929,722065.8382,MONREAD NORTH,County,Kildare,M7 W 22.5
X,-6.664306,Y,53.240413,23,N07D1ML,M,7,W,689157.5421,721947.6199,MONREAD NORTH,County,Kildare,M7 W 23
X,-6.670965,Y,53.238375,23.5,N07D1ML,M,7,W,688717.2986,721712.4915,OSBERSTOWN,County,Kildare,M7 W 23.5
X,-6.677622,Y,53.236322,24,N07D1ML,M,7,W,688277.1841,721475.9073,OSBERSTOWN,County,Kildare,M7 W 24
X,-6.683838,Y,53.233967,24.5,N07D1ML,M,7,W,687867.0676,721206.2083,OSBERSTOWN,County,Kildare,M7 W 24.5
X,-6.689312,Y,53.231023,25,N07D1ML,M,7,W,687507.6105,720871.9731,OSBERSTOWN,County,Kildare,M7 W 25
X,-6.693903,Y,53.227575,25.5,N07D1ML,M,7,W,687208.1523,720482.7005,OSBERSTOWN,County,Kildare,M7 W 25.5
X,-6.697472,Y,53.223718,26,N07D1ML,M,7,W,686977.6487,720049.202,OSBERSTOWN,County,Kildare,M7 W 26
X,-6.700089,Y,53.219556,26.5,N07D1ML,M,7,W,686811.2977,719582.9161,JIGGINSTOWN,County,Kildare,M7 W 26.5
X,-6.702538,Y,53.215324,27,N07D1ML,M,7,W,686656.3386,719109.1484,JIGGINSTOWN,County,Kildare,M7 W 27
X,-6.706429,Y,53.211293,27.5,N07D1ML,M,7,W,686404.5395,718655.9315,NEWHALL (ED Ladytown),County,Kildare,M7 W 27.5
X,-6.712102,Y,53.208305,28,N07D1ML,M,7,W,686031.6372,718316.5988,NEWHALL (ED Ladytown),County,Kildare,M7 W 28
X,-6.71681,Y,53.205043,28.5,N07D1ML,M,7,W,685723.6677,717948.0633,LADYTOWN,County,Kildare,M7 W 28.5
X,-6.719186,Y,53.200954,29,N07D1ML,M,7,W,685573.124,717490.2991,LADYTOWN,County,Kildare,M7 W 29
X,-6.721016,Y,53.19654,29.5,N07D1ML,M,7,W,685459.5995,716996.9952,LADYTOWN,County,Kildare,M7 W 29.5
X,-6.724618,Y,53.19249,30,N07D1ML,M,7,W,685226.9554,716542.0896,LADYTOWN,County,Kildare,M7 W 30
X,-6.728826,Y,53.188775,30.5,N07D1ML,M,7,W,684953.173,716123.7257,LADYTOWN,County,Kildare,M7 W 30.5
X,-6.733022,Y,53.185062,31,N07D1ML,M,7,W,684680.0629,715705.6399,LEWISTOWN,County,Kildare,M7 W 31
X,-6.737236,Y,53.18135,31.5,N07D1ML,M,7,W,684405.6673,715287.6502,LEWISTOWN,County,Kildare,M7 W 31.5
X,-6.741443,Y,53.177635,32,N07D1ML,M,7,W,684131.7995,714869.3775,CLOWNINGS (Connell By),County,Kildare,M7 W 32
X,-6.746076,Y,53.174024,32.5,N07D1ML,M,7,W,683829.1374,714462.1171,CLOWNINGS (Connell By),County,Kildare,M7 W 32.5
X,-6.751875,Y,53.171056,33,N07D1ML,M,7,W,683447.2398,714125.1537,GREATCONNELL,County,Kildare,M7 W 33
X,-6.758466,Y,53.168833,33.5,N07D1ML,M,7,W,683010.8895,713870.1297,GREATCONNELL,County,Kildare,M7 W 33.5
X,-6.765075,Y,53.166735,34,N07D1ML,M,7,W,682573.018,713629.0793,GREATCONNELL,County,Kildare,M7 W 34
X,-6.771703,Y,53.16465,34.5,N07D1ML,M,7,W,682133.823,713389.4725,GREATCONNELL,County,Kildare,M7 W 34.5
X,-6.778307,Y,53.16255,35,N07D1ML,M,7,W,681696.2306,713148.2651,WALSHESTOWN (Connell By),County,Kildare,M7 W 35
X,-6.785023,Y,53.16048,35.5,N07D1ML,M,7,W,681251.0649,712910.3304,WALSHESTOWN (Connell By),County,Kildare,M7 W 35.5
X,-6.792626,Y,53.159672,36,N07D1ML,M,7,W,680744.1389,712811.7313,WALSHESTOWN (Connell By),County,Kildare,M7 W 36
X,-6.800142,Y,53.160788,36.5,N07D1ML,M,7,W,680239.4798,712927.4507,CROTANSTOWN,County,Kildare,M7 W 36.5
X,-6.806837,Y,53.162461,37,N07D1ML,M,7,W,679788.6631,713106.1182,MOORFIELD,County,Kildare,M7 W 37
X,-6.81401,Y,53.162487,37.5,N07D1ML,M,7,W,679308.994,713101.1293,BALLYMANY,County,Kildare,M7 W 37.5
X,-6.821413,Y,53.161874,38,N07D1ML,M,7,W,678815.0442,713024.6745,CURRAGH (ED Kildare),County,Kildare,M7 W 38
X,-6.828808,Y,53.161252,38.5,N07D1ML,M,7,W,678321.6515,712947.4176,CURRAGH (ED Kildare),County,Kildare,M7 W 38.5
X,-6.836091,Y,53.160426,39,N07D1ML,M,7,W,677836.1577,712847.5501,CURRAGH (ED Kildare),County,Kildare,M7 W 39
X,-6.843354,Y,53.159372,39.5,N07D1ML,M,7,W,677352.3397,712722.3814,CURRAGH (ED Kildare),County,Kildare,M7 W 39.5
X,-6.850629,Y,53.158348,40,N07D1ML,M,7,W,676867.7023,712600.5668,CURRAGH (ED Kildare),County,Kildare,M7 W 40
X,-6.857902,Y,53.157307,40.5,N07D1ML,M,7,W,676383.1536,712476.9891,CURRAGH (ED Kildare),County,Kildare,M7 W 40.5
X,-6.865132,Y,53.156231,41,N07D1ML,M,7,W,675901.5502,712349.5524,CURRAGH (ED Kildare),County,Kildare,M7 W 41
X,-6.872254,Y,53.154947,41.5,N07D1ML,M,7,W,675427.4847,712199.1939,CURRAGH (ED Kildare),County,Kildare,M7 W 41.5
X,-6.879337,Y,53.153524,42,N07D1ML,M,7,W,674956.2226,712033.3834,CURRAGHFARM,County,Kildare,M7 W 42
X,-6.886529,Y,53.1522,42.5,N07D1ML,M,7,W,674477.4899,711878.5715,CURRAGHFARM,County,Kildare,M7 W 42.5
X,-6.89392,Y,53.151291,43,N07D1ML,M,7,W,673984.6714,711769.8612,TULLY EAST,County,Kildare,M7 W 43
X,-6.901432,Y,53.150831,43.5,N07D1ML,M,7,W,673483.0487,711710.9041,TULLY EAST,County,Kildare,M7 W 43.5
X,-6.908976,Y,53.150824,44,N07D1ML,M,7,W,672978.4128,711702.421,TULLY WEST,County,Kildare,M7 W 44
X,-6.91648,Y,53.151269,44.5,N07D1ML,M,7,W,672475.784,711744.3315,GREYABBEY,County,Kildare,M7 W 44.5
X,-6.923864,Y,53.152143,45,N07D1ML,M,7,W,671980.3977,711834.0858,GREYABBEY,County,Kildare,M7 W 45
X,-6.931156,Y,53.153125,45.5,N07D1ML,M,7,W,671491.0802,711936.0906,LOUGHLION,County,Kildare,M7 W 45.5
X,-6.938424,Y,53.153969,46,N07D1ML,M,7,W,671003.5651,712022.6898,KNOCKSHOUGH GLEBE,County,Kildare,M7 W 46
X,-6.945787,Y,53.154286,46.5,N07D1ML,M,7,W,670510.5955,712050.7268,MOORETOWN,County,Kildare,M7 W 46.5
X,-6.953147,Y,53.154049,47,N07D1ML,M,7,W,670018.7165,712017.1612,MOORETOWN,County,Kildare,M7 W 47
X,-6.960416,Y,53.153263,47.5,N07D1ML,M,7,W,669533.7703,711922.601,CHERRYVILLE,County,Kildare,M7 W 47.5
X,-6.967694,Y,53.152243,48,N07D1ML,M,7,W,669048.6512,711801.9991,CHERRYVILLE,County,Kildare,M7 W 48
X,-6.974971,Y,53.151222,48.5,N07D1ML,M,7,W,668563.5321,711681.3972,CHERRYVILLE,County,Kildare,M7 W 48.5
X,-6.982248,Y,53.1502,49,N07D1ML,M,7,W,668078.413,711560.7953,CHERRYVILLE,County,Kildare,M7 W 49
X,-6.989525,Y,53.149178,49.5,N07D1ML,M,7,W,667593.2939,711440.1933,LACKAGHMORE,County,Kildare,M7 W 49.5
X,-6.996801,Y,53.148156,50,N07D1ML,M,7,W,667108.1748,711319.5914,MAYFIELD or BALLYNAGALLIAGH,County,Kildare,M7 W 50
X,-7.004077,Y,53.147133,50.5,N07D1ML,M,7,W,666623.0557,711198.9895,MAYFIELD or BALLYNAGALLIAGH,County,Kildare,M7 W 50.5
X,-7.011319,Y,53.146089,51,N07D1ML,M,7,W,666140.2332,711076.1674,MAYFIELD or BALLYNAGALLIAGH,County,Kildare,M7 W 51
X,-7.018318,Y,53.144666,51.5,N07D1ML,M,7,W,665674.2056,710911.3223,HYBLA or BALLYNEAGE,County,Kildare,M7 W 51.5
X,-7.0247,Y,53.142576,52,N07D1ML,M,7,W,665250.4105,710673.0073,HYBLA or BALLYNEAGE,County,Kildare,M7 W 52
X,-7.03002,Y,53.139605,52.5,N07D1ML,M,7,W,664898.9401,710337.549,MONASTEREVIN BOG,County,Kildare,M7 W 52.5
X,-7.033955,Y,53.13593,53,N07D1ML,M,7,W,664641.2054,709925.0952,MONASTEREVIN BOG,County,Kildare,M7 W 53
X,-7.036254,Y,53.131787,53.5,N07D1ML,M,7,W,664493.5927,709462.0474,KILL,County,Kildare,M7 W 53.5
X,-7.037483,Y,53.127372,54,N07D1ML,M,7,W,664417.9721,708969.8072,KILL,County,Kildare,M7 W 54
X,-7.039264,Y,53.122931,54.5,N07D1ML,M,7,W,664305.3936,708474.0184,BALLYFARSOON,County,Kildare,M7 W 54.5
X,-7.043057,Y,53.118911,55,N07D1ML,M,7,W,664057.4936,708023.3634,MOOREABBEY DEMESNE,County,Kildare,M7 W 55
X,-7.048755,Y,53.11583,55.5,N07D1ML,M,7,W,663680.6404,707675.451,LUGHIL,County,Kildare,M7 W 55.5
X,-7.055721,Y,53.113924,56,N07D1ML,M,7,W,663217.0729,707457.1701,LUGHIL,County,Kildare,M7 W 56
X,-7.063245,Y,53.113134,56.5,N07D1ML,M,7,W,662714.5638,707362.6837,MOOREABBEY DEMESNE,County,Kildare,M7 W 56.5
X,-7.070793,Y,53.113357,57,N07D1ML,M,7,W,662208.8891,707380.8939,MOOREABBEY DEMESNE,County,Kildare,M7 W 57
X,-7.078229,Y,53.113734,57.5,N07D1ML,M,7,W,661710.5814,707416.4213,KILLAGLISH,County,Laois,M7 W 57.5
X,-7.085615,Y,53.113836,58,N07D1ML,M,7,W,661215.926,707421.4916,KILLAGLISH,County,Laois,M7 W 58
X,-7.09298,Y,53.113494,58.5,N07D1ML,M,7,W,660723.3939,707377.1451,JAMESTOWN or BALLYTEIGEDUFF,County,Laois,M7 W 58.5
X,-7.100257,Y,53.11271,59,N07D1ML,M,7,W,660237.3224,707283.8239,JAMESTOWN or BALLYTEIGEDUFF,County,Laois,M7 W 59
X,-7.107412,Y,53.111538,59.5,N07D1ML,M,7,W,659759.8815,707147.426,JAMESTOWN or BALLYTEIGEDUFF,County,Laois,M7 W 59.5
X,-7.114515,Y,53.1102,60,N07D1ML,M,7,W,659286.2266,706992.5994,BALLYADDING,County,Laois,M7 W 60
X,-7.121538,Y,53.108724,60.5,N07D1ML,M,7,W,658818.0204,706822.64,BALLYADDING,County,Laois,M7 W 60.5
X,-7.128481,Y,53.107113,61,N07D1ML,M,7,W,658355.3273,706637.6428,TULLAGHAN,County,Laois,M7 W 61
X,-7.135322,Y,53.105362,61.5,N07D1ML,M,7,W,657899.6108,706437.3049,BALLYSHANEDUFF or THE DERRIES,County,Laois,M7 W 61.5
X,-7.142014,Y,53.103423,62,N07D1ML,M,7,W,657454.1195,706216.1595,BALLYSHANEDUFF or THE DERRIES,County,Laois,M7 W 62
X,-7.148542,Y,53.101288,62.5,N07D1ML,M,7,W,657019.8298,705973.3675,BALLYSHANEDUFF or THE DERRIES,County,Laois,M7 W 62.5
X,-7.154861,Y,53.09896,63,N07D1ML,M,7,W,656599.6829,705709.3588,BALLYSHANEDUFF or THE DERRIES,County,Laois,M7 W 63
X,-7.160619,Y,53.096216,63.5,N07D1ML,M,7,W,656217.6776,705399.5057,CAPPAKEEL,County,Laois,M7 W 63.5
X,-7.165679,Y,53.093,64,N07D1ML,M,7,W,655882.9603,705037.7392,CAPPAKEEL,County,Laois,M7 W 64
X,-7.170517,Y,53.089543,64.5,N07D1ML,M,7,W,655563.3833,704649.3288,CAPPAKEEL,County,Laois,M7 W 64.5
X,-7.176093,Y,53.086471,65,N07D1ML,M,7,W,655193.8036,704303.187,CAPPAKEEL,County,Laois,M7 W 65
X,-7.182341,Y,53.083907,65.5,N07D1ML,M,7,W,654778.4842,704013.1218,MORRETT,County,Laois,M7 W 65.5
X,-7.188989,Y,53.081827,66,N07D1ML,M,7,W,654335.7455,703776.676,MORRETT,County,Laois,M7 W 66
X,-7.195215,Y,53.07948,66.5,N07D1ML,M,7,W,653921.5319,703510.7892,MORRETT,County,Laois,M7 W 66.5
X,-7.200829,Y,53.076619,67,N07D1ML,M,7,W,653548.9949,703188.3057,MORRETT,County,Laois,M7 W 67
X,-7.205926,Y,53.073372,67.5,N07D1ML,M,7,W,653211.4495,702823.2102,MORRETT,County,Laois,M7 W 67.5
X,-7.211008,Y,53.070083,68,N07D1ML,M,7,W,652874.9599,702453.5279,MORRETT,County,Laois,M7 W 68
X,-7.216089,Y,53.066795,68.5,N07D1ML,M,7,W,652538.4703,702083.8455,GREATHEATH (Portnahinch By),County,Laois,M7 W 68.5
X,-7.221166,Y,53.063504,69,N07D1ML,M,7,W,652202.1738,701714.0164,GREATHEATH (Maryborough East By),County,Laois,M7 W 69
X,-7.22617,Y,53.060195,69.5,N07D1ML,M,7,W,651870.7724,701342.2327,GREATHEATH (Maryborough East By),County,Laois,M7 W 69.5
X,-7.230835,Y,53.05673,70,N07D1ML,M,7,W,651562.1595,700953.2722,BALLYDAVIS,County,Laois,M7 W 70
X,-7.235253,Y,53.053114,70.5,N07D1ML,M,7,W,651270.2898,700547.7688,BALLYDAVIS,County,Laois,M7 W 70.5
X,-7.239175,Y,53.049402,71,N07D1ML,M,7,W,651011.7921,700132.017,BALLYDAVIS,County,Laois,M7 W 71
X,-7.241797,Y,53.045291,71.5,N07D1ML,M,7,W,650840.7952,699672.6894,BALLYDAVIS,County,Laois,M7 W 71.5
X,-7.243085,Y,53.040937,72,N07D1ML,M,7,W,650759.5241,699187.4087,BALLYCLIDER,County,Laois,M7 W 72
X,-7.244613,Y,53.036458,72.5,N07D1ML,M,7,W,650662.322,698687.9897,BALLYCLIDER,County,Laois,M7 W 72.5
X,-7.247889,Y,53.032315,73,N07D1ML,M,7,W,650447.4842,698224.6824,BALLYMACKAN,County,Laois,M7 W 73
X,-7.252202,Y,53.028624,73.5,N07D1ML,M,7,W,650162.4753,697810.9099,BALLYMACKAN,County,Laois,M7 W 73.5
X,-7.256527,Y,53.024964,74,N07D1ML,M,7,W,649876.5831,697400.7634,DERRY,County,Laois,M7 W 74
X,-7.260847,Y,53.021303,74.5,N07D1ML,M,7,W,649590.9555,696990.4228,DERRY,County,Laois,M7 W 74.5
X,-7.265827,Y,53.017846,75,N07D1ML,M,7,W,649260.8003,696602.3197,RATHLEAGUE,County,Laois,M7 W 75
X,-7.272071,Y,53.015222,75.5,N07D1ML,M,7,W,648844.7879,696306.1369,RATHLEAGUE,County,Laois,M7 W 75.5
X,-7.2792,Y,53.013611,76,N07D1ML,M,7,W,648368.2196,696122.003,RATHLEAGUE,County,Laois,M7 W 76
X,-7.286749,Y,53.0131,76.5,N07D1ML,M,7,W,647862.2575,696060.0499,MEELICK,County,Laois,M7 W 76.5
X,-7.294194,Y,53.013005,77,N07D1ML,M,7,W,647362.7434,696044.5268,MEELICK,County,Laois,M7 W 77
X,-7.301643,Y,53.012911,77.5,N07D1ML,M,7,W,646862.9787,696029.2442,MEELICK,County,Laois,M7 W 77.5
X,-7.309181,Y,53.012957,78,N07D1ML,M,7,W,646357.0983,696029.47,TOGHER,County,Laois,M7 W 78
X,-7.316604,Y,53.01399,78.5,N07D1ML,M,7,W,645857.9299,696139.5923,TOGHER,County,Laois,M7 W 78.5
X,-7.323356,Y,53.016088,79,N07D1ML,M,7,W,645402.6533,696368.7515,TOGHER,County,Laois,M7 W 79
X,-7.32947,Y,53.018508,79.5,N07D1ML,M,7,W,644989.8911,696634.1107,CLONBOYNE,County,Laois,M7 W 79.5
X,-7.336376,Y,53.019673,80,N07D1ML,M,7,W,644525.3275,696759.4792,CLONBOYNE,County,Laois,M7 W 80
X,-7.343543,Y,53.01943,80.5,N07D1ML,M,7,W,644044.7294,696728.0016,CLONBOYNE,County,Laois,M7 W 80.5
X,-7.350303,Y,53.017825,81,N07D1ML,M,7,W,643592.7547,696545.3241,CLONKEEN,County,Laois,M7 W 81
X,-7.357008,Y,53.015865,81.5,N07D1ML,M,7,W,643144.856,696323.1485,CLONKEEN,County,Laois,M7 W 81.5
X,-7.363713,Y,53.013909,82,N07D1ML,M,7,W,642696.8805,696101.4869,CLONKEEN,County,Laois,M7 W 82
X,-7.370306,Y,53.01189,82.5,N07D1ML,M,7,W,642256.4684,695872.9811,CLONDOUGLAS or CLONKEEN,County,Laois,M7 W 82.5
X,-7.376387,Y,53.009417,83,N07D1ML,M,7,W,641850.7877,695594.2071,CLONDOUGLAS or CLONKEEN,County,Laois,M7 W 83
X,-7.38189,Y,53.006456,83.5,N07D1ML,M,7,W,641484.3228,695261.6204,CLONADACASEY,County,Laois,M7 W 83.5
X,-7.38729,Y,53.003359,84,N07D1ML,M,7,W,641124.8043,694913.9534,CLONADACASEY,County,Laois,M7 W 84
X,-7.392686,Y,53.000264,84.5,N07D1ML,M,7,W,640765.5736,694566.409,CLONADACASEY,County,Laois,M7 W 84.5
X,-7.398329,Y,52.997256,85,N07D1ML,M,7,W,640389.5871,694228.5984,FATHARNAGH,County,Laois,M7 W 85
X,-7.405274,Y,52.99527,85.5,N07D1ML,M,7,W,639925.2647,694003.7471,TRUMRA,County,Laois,M7 W 85.5
X,-7.412834,Y,52.994739,86,N07D1ML,M,7,W,639418.2202,693940.4398,TRUMRA,County,Laois,M7 W 86
X,-7.419883,Y,52.994042,86.5,N07D1ML,M,7,W,638945.6295,693859.0877,TRUMRA,County,Laois,M7 W 86.5
X,-7.425977,Y,52.991817,87,N07D1ML,M,7,W,638538.4775,693608.1519,TRUMRA,County,Laois,M7 W 87
X,-7.43024,Y,52.988379,87.5,N07D1ML,M,7,W,638255.3044,693223.4274,TRUMRA,County,Laois,M7 W 87.5
X,-7.432057,Y,52.984228,88,N07D1ML,M,7,W,638137.0069,692760.5659,TRUMRA,County,Laois,M7 W 88
X,-7.431754,Y,52.97978,88.5,N07D1ML,M,7,W,638161.2678,692265.8116,TRUMRA,County,Laois,M7 W 88.5
X,-7.432256,Y,52.975234,89,N07D1ML,M,7,W,638131.537,691759.7159,TRUMRA,County,Laois,M7 W 89
X,-7.434005,Y,52.970792,89.5,N07D1ML,M,7,W,638017.9348,691264.6293,CLONARD or CAPPAGHLOUGHLIN,County,Laois,M7 W 89.5
X,-7.436807,Y,52.966597,90,N07D1ML,M,7,W,637833.4195,690796.4046,CLONARD or CAPPAGHLOUGHLIN,County,Laois,M7 W 90
X,-7.439137,Y,52.962392,90.5,N07D1ML,M,7,W,637680.5676,690327.3076,CLONARD or CAPPAGHLOUGHLIN,County,Laois,M7 W 90.5
X,-7.440751,Y,52.958033,91,N07D1ML,M,7,W,637575.8724,689841.376,CLONARD or CAPPAGHLOUGHLIN,County,Laois,M7 W 91
X,-7.442295,Y,52.953637,91.5,N07D1ML,M,7,W,637475.9609,689351.5168,CLONRUD,County,Laois,M7 W 91.5
X,-7.443935,Y,52.949225,92,N07D1ML,M,7,W,637369.5416,688859.7382,CLONCOUGH,County,Laois,M7 W 92
X,-7.446824,Y,52.944987,92.5,N07D1ML,M,7,W,637179.0464,688386.6583,CLONCOUGH,County,Laois,M7 W 92.5
X,-7.451223,Y,52.941246,93,N07D1ML,M,7,W,636886.5352,687968.1433,KILLEANY,County,Laois,M7 W 93
X,-7.456732,Y,52.938159,93.5,N07D1ML,M,7,W,636518.8426,687621.9332,KILLEANY,County,Laois,M7 W 93.5
X,-7.462128,Y,52.93511,94,N07D1ML,M,7,W,636158.7141,687279.9488,KILLEANY,County,Laois,M7 W 94
X,-7.467197,Y,52.931863,94.5,N07D1ML,M,7,W,635820.6243,686916.1746,KILLEANY,County,Laois,M7 W 94.5
X,-7.471929,Y,52.928428,95,N07D1ML,M,7,W,635505.3161,686531.5982,GORTNACLEA,County,Laois,M7 W 95
X,-7.476537,Y,52.924904,95.5,N07D1ML,M,7,W,635198.3383,686137.2389,GORTNACLEA,County,Laois,M7 W 95.5
X,-7.481151,Y,52.921377,96,N07D1ML,M,7,W,634890.9236,685742.5408,BALLYCUDDAHY,County,Laois,M7 W 96
X,-7.486327,Y,52.918061,96.5,N07D1ML,M,7,W,634545.4671,685371.1227,CROSS,County,Laois,M7 W 96.5
X,-7.492349,Y,52.915305,97,N07D1ML,M,7,W,634142.6788,685061.5894,COOLFIN (ED Cuffsborough),County,Laois,M7 W 97
X,-7.499036,Y,52.913194,97.5,N07D1ML,M,7,W,633694.5925,684823.5371,BOHERARD,County,Laois,M7 W 97.5
X,-7.50621,Y,52.911781,98,N07D1ML,M,7,W,633213.1297,684662.972,BOHERARD,County,Laois,M7 W 98
X,-7.513682,Y,52.911107,98.5,N07D1ML,M,7,W,632711.0334,684584.5273,BOHERARD,County,Laois,M7 W 98.5
X,-7.521219,Y,52.91119,99,N07D1ML,M,7,W,632204.0143,684590.437,CORRAUN,County,Laois,M7 W 99
X,-7.528643,Y,52.91203,99.5,N07D1ML,M,7,W,631704.0623,684680.5691,PALMERSHILL,County,Laois,M7 W 99.5
X,-7.535728,Y,52.913601,100,N07D1ML,M,7,W,631226.3886,684852.2562,DELLIGABAUN,County,Laois,M7 W 100
X,-7.542278,Y,52.915841,100.5,N07D1ML,M,7,W,630784.2958,685098.6013,DELLIGABAUN,County,Laois,M7 W 100.5
X,-7.54877,Y,52.917748,101,N07D1ML,M,7,W,630346.3067,685308.0211,KILCOTTON,County,Laois,M7 W 101
X,-7.555905,Y,52.918543,101.5,N07D1ML,M,7,W,629865.9264,685393.5493,KILCOTTON,County,Laois,M7 W 101.5
X,-7.563303,Y,52.918968,102,N07D1ML,M,7,W,629368.1267,685437.7792,BUSHFIELD or MAGHERNASKEAGH,County,Laois,M7 W 102
X,-7.570716,Y,52.919392,102.5,N07D1ML,M,7,W,628869.2821,685481.9605,BUSHFIELD or MAGHERNASKEAGH,County,Laois,M7 W 102.5
X,-7.57816,Y,52.920423,103,N07D1ML,M,7,W,628368.0328,685593.7007,LISMORE,County,Laois,M7 W 103
X,-7.58414,Y,52.923308,103.5,N07D1ML,M,7,W,627964.0476,685912.3075,LISMORE,County,Laois,M7 W 103.5
X,-7.589848,Y,52.9258,104,N07D1ML,M,7,W,627578.6173,686187.372,KNOCKSEERA,County,Laois,M7 W 104
X,-7.596795,Y,52.926389,104.5,N07D1ML,M,7,W,627111.1286,686250.2201,DERRYVORRIGAN,County,Laois,M7 W 104.5
X,-7.603956,Y,52.925451,105,N07D1ML,M,7,W,626630.2258,686143.2448,DERRYVORRIGAN,County,Laois,M7 W 105
X,-7.611307,Y,52.924551,105.5,N07D1ML,M,7,W,626136.4613,686040.3481,DOON,County,Laois,M7 W 105.5
X,-7.618689,Y,52.923986,106,N07D1ML,M,7,W,625640.4176,685974.8663,DOON,County,Laois,M7 W 106
X,-7.626062,Y,52.923419,106.5,N07D1ML,M,7,W,625144.9602,685909.1745,DERRINSALLAGH,County,Laois,M7 W 106.5
X,-7.633437,Y,52.922853,107,N07D1ML,M,7,W,624649.3919,685843.659,DERRINSALLAGH,County,Laois,M7 W 107
X,-7.640885,Y,52.922389,107.5,N07D1ML,M,7,W,624148.7731,685789.4624,CLONAGOODEN,County,Laois,M7 W 107.5
X,-7.648389,Y,52.922524,108,N07D1ML,M,7,W,623644.0984,685802.0302,ERRIS or SKIRK GLEBE,County,Laois,M7 W 108
X,-7.655688,Y,52.92241,108.5,N07D1ML,M,7,W,623153.3816,685786.9533,ERRIS or SKIRK GLEBE,County,Laois,M7 W 108.5
X,-7.662856,Y,52.921564,109,N07D1ML,M,7,W,622671.8012,685690.5777,CURRAGHMORE,County,Laois,M7 W 109
X,-7.66969,Y,52.920012,109.5,N07D1ML,M,7,W,622213.0345,685515.7306,BALLYKELLY,County,Tipperary,M7 W 109.5
X,-7.676381,Y,52.918031,110,N07D1ML,M,7,W,621764.0309,685293.2687,BALLYKELLY,County,Tipperary,M7 W 110
X,-7.683391,Y,52.916408,110.5,N07D1ML,M,7,W,621293.3898,685110.5743,BALLYKELLY,County,Tipperary,M7 W 110.5
X,-7.69063,Y,52.915217,111,N07D1ML,M,7,W,620807.1278,684975.9658,ROCKFOREST,County,Tipperary,M7 W 111
X,-7.698031,Y,52.914468,111.5,N07D1ML,M,7,W,620309.7066,684890.5019,ROCKFOREST,County,Tipperary,M7 W 111.5
X,-7.705583,Y,52.91428,112,N07D1ML,M,7,W,619801.8451,684867.4322,ROCKFOREST,County,Tipperary,M7 W 112
X,-7.713032,Y,52.915289,112.5,N07D1ML,M,7,W,619300.4472,684977.662,ROCKFOREST,County,Tipperary,M7 W 112.5
X,-7.719688,Y,52.917521,113,N07D1ML,M,7,W,618851.7674,685224.2678,TINDERRY,County,Tipperary,M7 W 113
X,-7.725328,Y,52.920438,113.5,N07D1ML,M,7,W,618471.2382,685547.3216,TIMONEY,County,Tipperary,M7 W 113.5
X,-7.731615,Y,52.9226,114,N07D1ML,M,7,W,618047.5816,685786.3226,TIMONEY,County,Tipperary,M7 W 114
X,-7.738607,Y,52.923806,114.5,N07D1ML,M,7,W,617576.9242,685918.7963,THESHEEHYS,County,Tipperary,M7 W 114.5
X,-7.745889,Y,52.92471,115,N07D1ML,M,7,W,617086.855,686017.5482,THESHEEHYS,County,Tipperary,M7 W 115
X,-7.753174,Y,52.925613,115.5,N07D1ML,M,7,W,616596.6769,686116.3371,DERRYMORE,County,Tipperary,M7 W 115.5
X,-7.760423,Y,52.92644,116,N07D1ML,M,7,W,616108.9591,686206.7046,DERRYMORE,County,Tipperary,M7 W 116
X,-7.767721,Y,52.926662,116.5,N07D1ML,M,7,W,615618.1616,686229.8145,DERRYMORE,County,Tipperary,M7 W 116.5
X,-7.774985,Y,52.926173,117,N07D1ML,M,7,W,615129.9253,686173.7937,DERRYMORE,County,Tipperary,M7 W 117
X,-7.782019,Y,52.924985,117.5,N07D1ML,M,7,W,614657.3612,686040.2043,DERRYMORE,County,Tipperary,M7 W 117.5
X,-7.788649,Y,52.923129,118,N07D1ML,M,7,W,614212.1472,685832.3077,DERRYMORE,County,Tipperary,M7 W 118
X,-7.795031,Y,52.920845,118.5,N07D1ML,M,7,W,613783.7124,685577.0303,CAMLIN,County,Tipperary,M7 W 118.5
X,-7.801432,Y,52.918547,119,N07D1ML,M,7,W,613353.9955,685320.088,CAMLIN,County,Tipperary,M7 W 119
X,-7.808263,Y,52.916607,119.5,N07D1ML,M,7,W,612895.141,685103.0181,CAMLIN,County,Tipperary,M7 W 119.5
X,-7.815531,Y,52.915373,120,N07D1ML,M,7,W,612406.6786,684964.4423,GLENBEHA,County,Tipperary,M7 W 120
X,-7.822802,Y,52.914566,120.5,N07D1ML,M,7,W,611917.8742,684873.4229,BALLYCRINE,County,Tipperary,M7 W 120.5
X,-7.8298,Y,52.91325,121,N07D1ML,M,7,W,611447.6095,684725.8051,BOOLA,County,Tipperary,M7 W 121
X,-7.83669,Y,52.911541,121.5,N07D1ML,M,7,W,610984.6176,684534.5684,BOOLA,County,Tipperary,M7 W 121.5
X,-7.843869,Y,52.910213,122,N07D1ML,M,7,W,610502.0091,684385.7621,BOOLA,County,Tipperary,M7 W 122
X,-7.851254,Y,52.909373,122.5,N07D1ML,M,7,W,610005.4962,684291.2255,BOOLA,County,Tipperary,M7 W 122.5
X,-7.85874,Y,52.909033,123,N07D1ML,M,7,W,609502.0266,684252.4375,RATHNAVEOGE UPPER,County,Tipperary,M7 W 123
X,-7.866177,Y,52.909111,123.5,N07D1ML,M,7,W,609001.709,684260.1142,RATHNAVEOGE UPPER,County,Tipperary,M7 W 123.5
X,-7.873476,Y,52.908773,124,N07D1ML,M,7,W,608510.8023,684221.6064,RATHNAVEOGE LOWER,County,Tipperary,M7 W 124
X,-7.880619,Y,52.90781,124.5,N07D1ML,M,7,W,608030.5138,684113.6392,RATHNAVEOGE LOWER,County,Tipperary,M7 W 124.5
X,-7.887466,Y,52.90624,125,N07D1ML,M,7,W,607570.1819,683938.2095,RATHNAVEOGE LOWER,County,Tipperary,M7 W 125
X,-7.893869,Y,52.904098,125.5,N07D1ML,M,7,W,607139.8638,683699.2067,CASTLEROAN,County,Offaly,M7 W 125.5
X,-7.899701,Y,52.901426,126,N07D1ML,M,7,W,606747.8886,683401.4266,CASTLEROAN,County,Offaly,M7 W 126
X,-7.905075,Y,52.898401,126.5,N07D1ML,M,7,W,606386.8201,683064.3432,CASTLEROAN,County,Offaly,M7 W 126.5
X,-7.909229,Y,52.894823,127,N07D1ML,M,7,W,606107.7915,682665.7911,LOUGHAN,County,Offaly,M7 W 127
X,-7.911985,Y,52.890712,127.5,N07D1ML,M,7,W,605922.9192,682208.2256,MOATQUARTER,County,Tipperary,M7 W 127.5
X,-7.916948,Y,52.887104,128,N07D1ML,M,7,W,605589.4178,681806.3813,DRUMROE,County,Offaly,M7 W 128
X,-7.924577,Y,52.886159,128.5,N07D1ML,M,7,W,605076.0648,681700.6737,DRUMROE,County,Offaly,M7 W 128.5
X,-7.931755,Y,52.887039,129,N07D1ML,M,7,W,604592.8879,681798.09,BUSHERSTOWN,County,Offaly,M7 W 129
X,-7.938961,Y,52.886477,129.5,N07D1ML,M,7,W,604107.9812,681735.1752,DRUMBAUN,County,Tipperary,M7 W 129.5
X,-7.946278,Y,52.885708,130,N07D1ML,M,7,W,603615.6024,681649.1701,GREENHILLS,County,Tipperary,M7 W 130
X,-7.953592,Y,52.88493,130.5,N07D1ML,M,7,W,603123.3959,681562.2552,MONEYGALL,County,Offaly,M7 W 130.5
X,-7.960909,Y,52.884154,131,N07D1ML,M,7,W,602630.9945,681475.5736,MONEYGALL,County,Offaly,M7 W 131
X,-7.968232,Y,52.883387,131.5,N07D1ML,M,7,W,602138.1742,681390.059,MONEYGALL,County,Offaly,M7 W 131.5
X,-7.975645,Y,52.882749,132,N07D1ML,M,7,W,601639.2908,681318.8784,CULLENWAINE,County,Offaly,M7 W 132
X,-7.983175,Y,52.882713,132.5,N07D1ML,M,7,W,601132.4656,681314.656,CLYNOE,County,Offaly,M7 W 132.5
X,-7.990497,Y,52.882986,133,N07D1ML,M,7,W,600639.6226,681344.9907,CLYNOE,County,Offaly,M7 W 133
X,-7.997571,Y,52.882177,133.5,N07D1ML,M,7,W,600163.4612,681254.9489,CLYNOE,County,Offaly,M7 W 133.5
X,-8.003972,Y,52.880211,134,N07D1ML,M,7,W,599732.6747,681036.1645,PARK,County,Tipperary,M7 W 134
X,-8.009854,Y,52.877448,134.5,N07D1ML,M,7,W,599336.6912,680728.8722,PARK,County,Tipperary,M7 W 134.5
X,-8.016662,Y,52.875411,135,N07D1ML,M,7,W,598878.3631,680502.2873,CLASH,County,Tipperary,M7 W 135
X,-8.024074,Y,52.874425,135.5,N07D1ML,M,7,W,598379.3649,680392.7314,CLASH,County,Tipperary,M7 W 135.5
X,-8.031515,Y,52.874176,136,N07D1ML,M,7,W,597878.415,680365.1554,CLASH,County,Tipperary,M7 W 136
X,-8.038817,Y,52.873765,136.5,N07D1ML,M,7,W,597386.8437,680319.6706,FALLEEN,County,Tipperary,M7 W 136.5
X,-8.045873,Y,52.872664,137,N07D1ML,M,7,W,596911.7124,680197.484,FALLEEN,County,Tipperary,M7 W 137
X,-8.052634,Y,52.870904,137.5,N07D1ML,M,7,W,596456.427,680001.9895,KILGORTEEN,County,Tipperary,M7 W 137.5
X,-8.059519,Y,52.869149,138,N07D1ML,M,7,W,595992.6821,679807.0866,GORTNADRUMMAN,County,Tipperary,M7 W 138
X,-8.066893,Y,52.867993,138.5,N07D1ML,M,7,W,595496.095,679678.8645,DERRYCARNEY,County,Tipperary,M7 W 138.5
X,-8.074298,Y,52.868445,139,N07D1ML,M,7,W,594997.604,679729.6263,GARRAVALLY,County,Tipperary,M7 W 139
X,-8.080692,Y,52.867047,139.5,N07D1ML,M,7,W,594566.9345,679574.6219,GARRAVALLY,County,Tipperary,M7 W 139.5
X,-8.087307,Y,52.864724,140,N07D1ML,M,7,W,594121.1967,679316.6333,LISSANISKY,County,Tipperary,M7 W 140
X,-8.094648,Y,52.863897,140.5,N07D1ML,M,7,W,593626.7584,679225.2102,LISSANISKY,County,Tipperary,M7 W 140.5
X,-8.10185,Y,52.862978,141,N07D1ML,M,7,W,593141.6995,679123.6051,DERRYBANE,County,Tipperary,M7 W 141
X,-8.10883,Y,52.86158,141.5,N07D1ML,M,7,W,592671.4323,678968.7586,DERRYBANE,County,Tipperary,M7 W 141.5
X,-8.115837,Y,52.86006,142,N07D1ML,M,7,W,592199.3192,678800.3595,CLASHNEVIN,County,Tipperary,M7 W 142
X,-8.122901,Y,52.858668,142.5,N07D1ML,M,7,W,591723.3246,678646.2662,BALLINTOTTY,County,Tipperary,M7 W 142.5
X,-8.129913,Y,52.857258,143,N07D1ML,M,7,W,591250.8256,678490.2558,BALLINTOTTY,County,Tipperary,M7 W 143
X,-8.136615,Y,52.855459,143.5,N07D1ML,M,7,W,590799.0908,678290.9537,BALLINTOTTY,County,Tipperary,M7 W 143.5
X,-8.143177,Y,52.853368,144,N07D1ML,M,7,W,590356.7171,678059.1586,BALLINTOTTY,County,Tipperary,M7 W 144
X,-8.149752,Y,52.851276,144.5,N07D1ML,M,7,W,589913.3864,677827.2864,KNOCKALTON LOWER,County,Tipperary,M7 W 144.5
X,-8.156678,Y,52.849485,145,N07D1ML,M,7,W,589446.416,677629.0359,KNOCKALTON UPPER,County,Tipperary,M7 W 145
X,-8.16405,Y,52.848528,145.5,N07D1ML,M,7,W,588949.6363,677523.6328,KNOCKALTON UPPER,County,Tipperary,M7 W 145.5
X,-8.171382,Y,52.84787,146,N07D1ML,M,7,W,588455.5431,677451.6024,LISSATUNNY,County,Tipperary,M7 W 146
X,-8.178719,Y,52.847197,146.5,N07D1ML,M,7,W,587961.1611,677377.8958,LISSATUNNY,County,Tipperary,M7 W 146.5
X,-8.186055,Y,52.84652,147,N07D1ML,M,7,W,587466.8264,677303.7892,TYONE,County,Tipperary,M7 W 147
X,-8.193391,Y,52.845843,147.5,N07D1ML,M,7,W,586972.4345,677229.7781,FAWNLOUGH,County,Tipperary,M7 W 147.5
X,-8.200728,Y,52.845169,148,N07D1ML,M,7,W,586477.9439,677156.2045,BENEDIN,County,Tipperary,M7 W 148
X,-8.208085,Y,52.844517,148.5,N07D1ML,M,7,W,585982.1459,677085.0072,LAHESSERAGH,County,Tipperary,M7 W 148.5
X,-8.215519,Y,52.844079,149,N07D1ML,M,7,W,585481.1695,677037.7983,LAHESSERAGH,County,Tipperary,M7 W 149
X,-8.222986,Y,52.843918,149.5,N07D1ML,M,7,W,584978.1061,677021.3468,LAHESSERAGH,County,Tipperary,M7 W 149.5
X,-8.230437,Y,52.84405,150,N07D1ML,M,7,W,584476.2457,677037.6243,LAHESSERAGH,County,Tipperary,M7 W 150
X,-8.237839,Y,52.84434,150.5,N07D1ML,M,7,W,583977.6834,677071.5606,BALLYCAHILL,County,Tipperary,M7 W 150.5
X,-8.245254,Y,52.844634,151,N07D1ML,M,7,W,583478.2687,677105.9591,TULLAHEDY,County,Tipperary,M7 W 151
X,-8.252605,Y,52.844813,151.5,N07D1ML,M,7,W,582983.1456,677127.5979,PART OF CARRIGATOGHER (Ryan),County,Tipperary,M7 W 151.5
X,-8.259833,Y,52.844311,152,N07D1ML,M,7,W,582496.0041,677073.484,PART OF CARRIGATOGHER (Abbott),County,Tipperary,M7 W 152
X,-8.266844,Y,52.843063,152.5,N07D1ML,M,7,W,582023.1711,676936.3515,CARRIGATOGHER (Ryan),County,Tipperary,M7 W 152.5
X,-8.273783,Y,52.841539,153,N07D1ML,M,7,W,581555.1096,676768.4758,CARRIGATOGHER (Ryan),County,Tipperary,M7 W 153
X,-8.280006,Y,52.83933,153.5,N07D1ML,M,7,W,581134.8963,676524.4017,CARRIGATOGHER (Harding),County,Tipperary,M7 W 153.5
X,-8.285157,Y,52.836274,154,N07D1ML,M,7,W,580786.4642,676185.7178,CARRIGATOGHER (Abbott),County,Tipperary,M7 W 154
X,-8.289626,Y,52.832703,154.5,N07D1ML,M,7,W,580483.7746,675789.5755,BALLYHISKY,County,Tipperary,M7 W 154.5
X,-8.294294,Y,52.829162,155,N07D1ML,M,7,W,580167.5802,675396.9114,BALLYHISKY,County,Tipperary,M7 W 155
X,-8.299133,Y,52.825816,155.5,N07D1ML,M,7,W,579839.9694,675025.9936,BALLYCUDDY MORE,County,Tipperary,M7 W 155.5
X,-8.303008,Y,52.822081,156,N07D1ML,M,7,W,579577.0462,674611.5054,BALLYWILLIAM (ED Burgesbeg),County,Tipperary,M7 W 156
X,-8.30595,Y,52.817996,156.5,N07D1ML,M,7,W,579376.8121,674157.8649,BALLYWILLIAM (ED Burgesbeg),County,Tipperary,M7 W 156.5
X,-8.308765,Y,52.813841,157,N07D1ML,M,7,W,579185.0772,673696.2935,GORTMORE,County,Tipperary,M7 W 157
X,-8.3116,Y,52.809686,157.5,N07D1ML,M,7,W,578992.011,673234.8897,GORTMORE,County,Tipperary,M7 W 157.5
X,-8.314543,Y,52.805539,158,N07D1ML,M,7,W,578791.5162,672774.296,CASTLECRANNA,County,Tipperary,M7 W 158
X,-8.318402,Y,52.801614,158.5,N07D1ML,M,7,W,578529.4088,672338.7475,CASTLECRANNA,County,Tipperary,M7 W 158.5
X,-8.323317,Y,52.798155,159,N07D1ML,M,7,W,578196.2361,671955.3621,KILNACRANNA,County,Tipperary,M7 W 159
X,-8.329144,Y,52.795262,159.5,N07D1ML,M,7,W,577801.8006,671635.279,KILNACRANNA,County,Tipperary,M7 W 159.5
X,-8.335703,Y,52.793024,160,N07D1ML,M,7,W,577358.3194,671388.3122,KILNACRANNA,County,Tipperary,M7 W 160
X,-8.342804,Y,52.791502,160.5,N07D1ML,M,7,W,576878.5672,671221.2348,GORTNASKEHY (ED Burgesbeg),County,Tipperary,M7 W 160.5
X,-8.349784,Y,52.79016,161,N07D1ML,M,7,W,576407.0433,671074.1582,BALLINTEENOE,County,Tipperary,M7 W 161
X,-8.356427,Y,52.788305,161.5,N07D1ML,M,7,W,575957.9797,670870.0523,KILLALANE,County,Tipperary,M7 W 161.5
X,-8.362636,Y,52.785962,162,N07D1ML,M,7,W,575537.821,670611.4597,KILLALANE,County,Tipperary,M7 W 162
X,-8.368316,Y,52.783174,162.5,N07D1ML,M,7,W,575153.0953,670303.116,CAPPADINE,County,Tipperary,M7 W 162.5
X,-8.373371,Y,52.779968,163,N07D1ML,M,7,W,574810.2577,669948.2033,GARRAUN,County,Tipperary,M7 W 163
X,-8.377757,Y,52.776406,163.5,N07D1ML,M,7,W,574512.2449,669553.4709,GARRAUN,County,Tipperary,M7 W 163.5
X,-8.381936,Y,52.772695,164,N07D1ML,M,7,W,574228.1142,669142.0343,ROSSFINCH,County,Tipperary,M7 W 164
X,-8.386145,Y,52.768987,164.5,N07D1ML,M,7,W,573941.901,668731.0512,ROSSFINCH,County,Tipperary,M7 W 164.5
X,-8.390821,Y,52.765443,165,N07D1ML,M,7,W,573624.2141,668338.4149,BALLYNAHINCH,County,Tipperary,M7 W 165
X,-8.396026,Y,52.762193,165.5,N07D1ML,M,7,W,573270.9406,667978.7456,BALLYNAHINCH,County,Tipperary,M7 W 165.5
X,-8.401723,Y,52.759259,166,N07D1ML,M,7,W,572884.5761,667654.4155,LACKENAVEA (Dunalley),County,Tipperary,M7 W 166
X,-8.407858,Y,52.75667,166.5,N07D1ML,M,7,W,572468.8969,667368.6474,LACKENAVEA (Dunalley),County,Tipperary,M7 W 166.5
X,-8.414152,Y,52.754297,167,N07D1ML,M,7,W,572042.4895,667107.0651,BALLYARD,County,Tipperary,M7 W 167
X,-8.420318,Y,52.75185,167.5,N07D1ML,M,7,W,571624.6838,666837.2839,BALLYARD,County,Tipperary,M7 W 167.5
X,-8.426231,Y,52.749193,168,N07D1ML,M,7,W,571223.7402,666543.9209,COOLEEN (ED Kilcomenty),County,Tipperary,M7 W 168
X,-8.431879,Y,52.746327,168.5,N07D1ML,M,7,W,570840.5227,666227.3839,COOLEEN (ED Kilcomenty),County,Tipperary,M7 W 168.5
X,-8.43727,Y,52.743273,169,N07D1ML,M,7,W,570474.4573,665889.7394,COOLEEN (ED Kilcomenty),County,Tipperary,M7 W 169
X,-8.442622,Y,52.740171,169.5,N07D1ML,M,7,W,570110.9364,665546.9019,ANNAHOLTY,County,Tipperary,M7 W 169.5
X,-8.447979,Y,52.737069,170,N07D1ML,M,7,W,569747.0932,665203.9409,ANNAHOLTY,County,Tipperary,M7 W 170
X,-8.453166,Y,52.7339,170.5,N07D1ML,M,7,W,569394.5826,664853.5872,ANNAHOLTY,County,Tipperary,M7 W 170.5
X,-8.458014,Y,52.730545,171,N07D1ML,M,7,W,569064.7451,664482.3658,ANNAHOLTY,County,Tipperary,M7 W 171
X,-8.462509,Y,52.727011,171.5,N07D1ML,M,7,W,568758.6165,664091.1089,ANNAHOLTY,County,Tipperary,M7 W 171.5
X,-8.466631,Y,52.723314,172,N07D1ML,M,7,W,568477.5692,663681.5718,ANNAHOLTY,County,Tipperary,M7 W 172
X,-8.470361,Y,52.71947,172.5,N07D1ML,M,7,W,568222.7983,663255.4876,GOOIG,County,Limerick,M7 W 172.5
X,-8.473892,Y,52.715511,173,N07D1ML,M,7,W,567981.3437,662816.6765,GOOIG,County,Limerick,M7 W 173
X,-8.477764,Y,52.711665,173.5,N07D1ML,M,7,W,567716.8821,662390.4619,GARDENHILL,County,Limerick,M7 W 173.5
X,-8.481203,Y,52.707754,174,N07D1ML,M,7,W,567481.6335,661956.8793,GARDENHILL,County,Limerick,M7 W 174
X,-8.484052,Y,52.70362,174.5,N07D1ML,M,7,W,567286.0136,661498.1641,GARDENHILL,County,Limerick,M7 W 174.5
X,-8.487821,Y,52.699642,175,N07D1ML,M,7,W,567028.2582,661057.3578,GARDENHILL,County,Limerick,M7 W 175
X,-8.492896,Y,52.696317,175.5,N07D1ML,M,7,W,566682.7013,660689.7031,GORTNALAHAGH,County,Limerick,M7 W 175.5
X,-8.496754,Y,52.692698,176,N07D1ML,M,7,W,566419.1508,660288.8492,SALLYMOUNT,County,Limerick,M7 W 176
X,-8.498371,Y,52.688483,176.5,N07D1ML,M,7,W,566306.6117,659820.6304,LISNAGRY,County,Limerick,M7 W 176.5
X,-8.500277,Y,52.68399,177,N07D1ML,M,7,W,566174.3092,659321.6721,LISNAGRY,County,Limerick,M7 W 177
X,-8.505423,Y,52.680526,177.5,N07D1ML,M,7,W,565823.6593,658938.7216,PART OF MOUNTSHANNON,County,Limerick,M7 W 177.5
X,-8.511245,Y,52.677971,178,N07D1ML,M,7,W,565427.9478,658657.2396,RICHHILL,County,Limerick,M7 W 178
X,-8.514552,Y,52.674244,178.5,N07D1ML,M,7,W,565201.374,658244.1797,CARROWKEEL,County,Limerick,M7 W 178.5
X,-8.514711,Y,52.669923,179,N07D1ML,M,7,W,565187.1297,657763.4635,GARRAUNYKEE,County,Limerick,M7 W 179
X,-8.516171,Y,52.665341,179.5,N07D1ML,M,7,W,565084.7465,657254.3569,GARRAUN,County,Limerick,M7 W 179.5
X,-8.52102,Y,52.661723,180,N07D1ML,M,7,W,564753.8705,656854.2116,WOODSTOWN,County,Limerick,M7 W 180
X,-8.528052,Y,52.659916,180.5,N07D1ML,M,7,W,564276.7155,656656.6694,BALLYCLOGH (ED Ballyvarra),County,Limerick,M7 W 180.5
X,-8.535281,Y,52.658988,181,N07D1ML,M,7,W,563786.8593,656556.9443,KILLONAN (ED Ballysimon),County,Limerick,M7 W 181
X,-8.542018,Y,52.657554,181.5,N07D1ML,M,7,W,563329.8881,656400.8402,NEWTOWN (ED Ballysimon),County,Limerick,M7 W 181.5
X,-8.548137,Y,52.655109,182,N07D1ML,M,7,W,562913.8526,656131.9395,NEWTOWN (ED Ballysimon),County,Limerick,M7 W 182
X,-8.553967,Y,52.652434,182.5,N07D1ML,M,7,W,562517.085,655837.3061,NEWTOWN (ED Ballysimon),County,Limerick,M7 W 182.5
X,-8.559319,Y,52.649406,183,N07D1ML,M,7,W,562152.3599,655503.3121,PEAFIELD,County,Limerick,M7 W 183
X,-8.564135,Y,52.646058,183.5,N07D1ML,M,7,W,561823.5939,655133.3371,BALLYSIMON,County,Limerick,M7 W 183.5
X,-8.569684,Y,52.642888,184,N07D1ML,M,7,W,561445.2785,654783.5926,BALLYSIMON (Staunton),County,Limerick,M7 W 184
X,-8.576631,Y,52.641183,184.5,N07D1ML,M,7,W,560973.6161,654597.6439,BALLYSIMON (Staunton),County,Limerick,M7 W 184.5
X,-8.583553,Y,52.639617,185,N07D1ML,M,7,W,560503.7406,654427.1096,INCHMORE,County,Limerick,M7 W 185
X,-8.590645,Y,52.638134,185.5,N07D1ML,M,7,W,560022.4036,654266.0991,BOHEREEN (ED Roxborough),County,Limerick,M7 W 185.5
X,-8.598291,Y,52.638354,186,N07D1ML,M,7,W,559505.0393,654294.8543,BANEMORE (ED Limerick South Rural),County,Limerick,M7 W 186
X,-8.605366,Y,52.639512,186.5,N07D1ML,M,7,W,559027.2896,654427.6491,RATHBANE SOUTH,County,Limerick,M7 W 186.5
X,-6.365181,Y,53.319636,0,N07D2ML,N,7,E,708921.0789,731176.5362,REDCOW,County,South Dublin,N7 E 0
X,-6.371831,Y,53.317845,0.5,N07D2ML,N,7,E,708482.632,730967.1276,REDCOW,County,South Dublin,N7 E 0.5
X,-6.378945,Y,53.316306,1,N07D2ML,N,7,E,708012.5221,730785.1553,BUSHELLOAF,County,South Dublin,N7 E 1
X,-6.385882,Y,53.314541,1.5,N07D2ML,N,7,E,707554.8074,730578.3513,NEWLANDS,County,South Dublin,N7 E 1.5
X,-6.392748,Y,53.313023,2,N07D2ML,N,7,E,707101.1387,730399.1494,CLONDALKIN,County,South Dublin,N7 E 2
X,-6.400012,Y,53.31146,2.5,N07D2ML,N,7,E,706621.024,730214.294,CLONDALKIN,County,South Dublin,N7 E 2.5
X,-6.405391,Y,53.308221,3,N07D2ML,N,7,E,706270.6261,729846.002,BEDLESSHILL,County,South Dublin,N7 E 3
X,-6.411232,Y,53.305597,3.5,N07D2ML,N,7,E,705887.895,729545.3816,CORKAGH DEMESNE,County,South Dublin,N7 E 3.5
X,-6.417595,Y,53.303236,4,N07D2ML,N,7,E,705469.6311,729273.2146,CORKAGH,County,South Dublin,N7 E 4
X,-6.423306,Y,53.300107,4.5,N07D2ML,N,7,E,705096.7222,728916.7413,BROWNSBARN,County,South Dublin,N7 E 4.5
X,-6.42721,Y,53.296234,5,N07D2ML,N,7,E,704845.9905,728480.0106,BROWNSBARN,County,South Dublin,N7 E 5
X,-6.431946,Y,53.293134,5.5,N07D2ML,N,7,E,704537.8894,728128.1581,BROWNSBARN,County,South Dublin,N7 E 5.5
X,-6.43888,Y,53.292024,6,N07D2ML,N,7,E,704078.3383,727994.5782,BROWNSBARN,County,South Dublin,N7 E 6
X,-6.446342,Y,53.290866,6.5,N07D2ML,N,7,E,703583.6495,727854.8961,COLLEGELAND,County,South Dublin,N7 E 6.5
X,-6.452107,Y,53.287821,7,N07D2ML,N,7,E,703206.6734,727507.7546,COLLEGELAND,County,South Dublin,N7 E 7
X,-6.457531,Y,53.284967,7.5,N07D2ML,N,7,E,702851.8965,727182.4199,COLLEGELAND,County,South Dublin,N7 E 7.5
X,-6.464462,Y,53.284185,8,N07D2ML,N,7,E,702391.6246,727085.4864,RATHCOOLE,County,South Dublin,N7 E 8
X,-6.471969,Y,53.283159,8.5,N07D2ML,N,7,E,701893.5373,726960.5899,RATHCOOLE,County,South Dublin,N7 E 8.5
X,-6.479003,Y,53.281617,9,N07D2ML,N,7,E,701428.2035,726779.0537,TOOTENHILL,County,South Dublin,N7 E 9
X,-6.486017,Y,53.280012,9.5,N07D2ML,N,7,E,700964.2647,726590.5117,TOOTENHILL,County,South Dublin,N7 E 9.5
X,-6.492993,Y,53.27842,10,N07D2ML,N,7,E,700502.8102,726403.5718,KEATINGSPARK,County,South Dublin,N7 E 10
X,-6.500162,Y,53.277202,10.5,N07D2ML,N,7,E,700027.6193,726257.9889,COLMANSTOWN,County,South Dublin,N7 E 10.5
X,-6.507382,Y,53.275631,11,N07D2ML,N,7,E,699549.74,726073.152,COLMANSTOWN,County,South Dublin,N7 E 11
X,-6.513271,Y,53.272766,11.5,N07D2ML,N,7,E,699163.6609,725746.1047,BUSTYHILL,County,South Dublin,N7 E 11.5
X,-6.519059,Y,53.269954,12,N07D2ML,N,7,E,698784.0903,725425.2612,BUSTYHILL,County,South Dublin,N7 E 12
X,-6.525085,Y,53.267285,12.5,N07D2ML,N,7,E,698388.3242,725119.9946,HUTTONREAD,County,Kildare,N7 E 12.5
X,-6.531125,Y,53.264714,13,N07D2ML,N,7,E,697991.284,724825.665,CASTLEWARDEN SOUTH,County,Kildare,N7 E 13
X,-6.537801,Y,53.262765,13.5,N07D2ML,N,7,E,697550.3713,724599.6596,CASTLEWARDEN SOUTH,County,Kildare,N7 E 13.5
X,-6.54454,Y,53.260789,14,N07D2ML,N,7,E,697105.3096,724370.6157,CASTLEWARDEN SOUTH,County,Kildare,N7 E 14
X,-6.551293,Y,53.258856,14.5,N07D2ML,N,7,E,696659.1636,724146.4834,BLACKCHURCH,County,Kildare,N7 E 14.5
X,-6.558024,Y,53.25695,15,N07D2ML,N,7,E,696214.3721,723925.3032,BLACKCHURCH,County,Kildare,N7 E 15
X,-6.565056,Y,53.255355,15.5,N07D2ML,N,7,E,695748.7372,723738.3855,BLACKHILL,County,Kildare,N7 E 15.5
X,-6.571831,Y,53.253597,16,N07D2ML,N,7,E,695300.6006,723533.7125,BLACKHILL,County,Kildare,N7 E 16
X,-6.579095,Y,53.252638,16.5,N07D2ML,N,7,E,694818.0334,723417.3718,KILL EAST,County,Kildare,N7 E 16.5
X,-6.586331,Y,53.25143,17,N07D2ML,N,7,E,694337.8101,723273.3891,KILL EAST,County,Kildare,N7 E 17
X,-6.593387,Y,53.249651,17.5,N07D2ML,N,7,E,693870.91,723066.2249,KILL WEST,County,Kildare,N7 E 17.5
X,-6.599724,Y,53.2472,18,N07D2ML,N,7,E,693453.3382,722785.1425,GREENHILLS (Salt South By),County,Kildare,N7 E 18
X,-6.605958,Y,53.24471,18.5,N07D2ML,N,7,E,693042.719,722500.014,GREENHILLS (Salt South By),County,Kildare,N7 E 18.5
X,-6.612215,Y,53.242252,19,N07D2ML,N,7,E,692630.481,722218.4424,PALMERSTOWN DEMESNE,County,Kildare,N7 E 19
X,-6.618453,Y,53.239775,19.5,N07D2ML,N,7,E,692219.4335,721934.7702,PALMERSTOWN DEMESNE,County,Kildare,N7 E 19.5
X,-6.624741,Y,53.237308,20,N07D2ML,N,7,E,691804.9874,721652.1707,KERDIFFSTOWN,County,Kildare,N7 E 20
X,-6.631018,Y,53.235308,20.5,N07D2ML,N,7,E,691390.2774,721421.628,MAUDLINGS,County,Kildare,N7 E 20.5
X,-6.637758,Y,53.236005,21,N07D2ML,M,7,E,690938.8895,721490.5462,MAUDLINGS,County,Kildare,M7 E 21
X,-6.643542,Y,53.238727,21.5,N07D2ML,M,7,E,690547.0024,721786.0507,MONREAD NORTH,County,Kildare,M7 E 21.5
X,-6.649841,Y,53.241353,22,N07D2ML,M,7,E,690121.0581,722070.2641,MONREAD NORTH,County,Kildare,M7 E 22
X,-6.657429,Y,53.242297,22.5,N07D2ML,M,7,E,689612.5878,722165.7455,MONREAD NORTH,County,Kildare,M7 E 22.5
X,-6.664966,Y,53.24122,23,N07D2ML,M,7,E,689111.8028,722036.5464,MONREAD NORTH,County,Kildare,M7 E 23
X,-6.671647,Y,53.239175,23.5,N07D2ML,M,7,E,688670.1254,721800.6657,OSBERSTOWN,County,Kildare,M7 E 23.5
X,-6.678309,Y,53.237121,24,N07D2ML,M,7,E,688229.6383,721563.8811,OSBERSTOWN,County,Kildare,M7 E 24
X,-6.68474,Y,53.234684,24.5,N07D2ML,M,7,E,687805.3793,721284.9138,OSBERSTOWN,County,Kildare,M7 E 24.5
X,-6.690402,Y,53.23164,25,N07D2ML,M,7,E,687433.5998,720939.222,OSBERSTOWN,County,Kildare,M7 E 25
X,-6.695146,Y,53.228076,25.5,N07D2ML,M,7,E,687124.0953,720536.8709,OSBERSTOWN,County,Kildare,M7 E 25.5
X,-6.698836,Y,53.224089,26,N07D2ML,M,7,E,686885.8137,720088.7791,OSBERSTOWN,County,Kildare,M7 E 26
X,-6.701505,Y,53.219849,26.5,N07D2ML,M,7,E,686716.1979,719613.8359,HALVERSTOWN (Clane By),County,Kildare,M7 E 26.5
X,-6.703966,Y,53.215593,27,N07D2ML,M,7,E,686560.3945,719137.339,NEWHALL (ED Ladytown),County,Kildare,M7 E 27
X,-6.707501,Y,53.211921,27.5,N07D2ML,M,7,E,686331.6961,718724.4431,NEWHALL (ED Ladytown),County,Kildare,M7 E 27.5
X,-6.713076,Y,53.208987,28,N07D2ML,M,7,E,685965.1906,718391.3307,NEWHALL (ED Ladytown),County,Kildare,M7 E 28
X,-6.718105,Y,53.205494,28.5,N07D2ML,M,7,E,685636.264,717996.6492,LADYTOWN,County,Kildare,M7 E 28.5
X,-6.720648,Y,53.201145,29,N07D2ML,M,7,E,685475.0274,717509.7168,LADYTOWN,County,Kildare,M7 E 29
X,-6.722422,Y,53.196848,29.5,N07D2ML,M,7,E,685365.0399,717029.5295,LADYTOWN,County,Kildare,M7 E 29.5
X,-6.725852,Y,53.192999,30,N07D2ML,M,7,E,685143.5161,716597.2066,LADYTOWN,County,Kildare,M7 E 30
X,-6.730057,Y,53.189286,30.5,N07D2ML,M,7,E,684869.8751,716179.0562,LADYTOWN,County,Kildare,M7 E 30.5
X,-6.734261,Y,53.185566,31,N07D2ML,M,7,E,684596.272,715760.2209,LEWISTOWN,County,Kildare,M7 E 31
X,-6.738473,Y,53.181856,31.5,N07D2ML,M,7,E,684322.0197,715342.4506,LEWISTOWN,County,Kildare,M7 E 31.5
X,-6.742679,Y,53.178141,32,N07D2ML,M,7,E,684048.155,714924.1826,CLOWNINGS (Connell By),County,Kildare,M7 E 32
X,-6.747156,Y,53.174645,32.5,N07D2ML,M,7,E,683755.6892,714529.9799,CLOWNINGS (Connell By),County,Kildare,M7 E 32.5
X,-6.752721,Y,53.171797,33,N07D2ML,M,7,E,683389.2385,714206.6145,GREATCONNELL,County,Kildare,M7 E 33
X,-6.759163,Y,53.169628,33.5,N07D2ML,M,7,E,682962.7358,713957.7723,GREATCONNELL,County,Kildare,M7 E 33.5
X,-6.765773,Y,53.16753,34,N07D2ML,M,7,E,682524.8161,713716.6954,GREATCONNELL,County,Kildare,M7 E 34
X,-6.772403,Y,53.165444,34.5,N07D2ML,M,7,E,682085.5222,713477.0341,GREATCONNELL,County,Kildare,M7 E 34.5
X,-6.779,Y,53.163347,35,N07D2ML,M,7,E,681648.4364,713236.1043,WALSHESTOWN (Connell By),County,Kildare,M7 E 35
X,-6.785579,Y,53.161315,35.5,N07D2ML,M,7,E,681212.3527,713002.5333,WALSHESTOWN (Connell By),County,Kildare,M7 E 35.5
X,-6.792586,Y,53.16057,36,N07D2ML,M,7,E,680745.1607,712911.7261,WALSHESTOWN (Connell By),County,Kildare,M7 E 36
X,-6.799475,Y,53.161592,36.5,N07D2ML,M,7,E,680282.5834,713017.6842,CROTANSTOWN,County,Kildare,M7 E 36.5
X,-6.80653,Y,53.16334,37,N07D2ML,M,7,E,679807.5602,713204.3165,MOORFIELD,County,Kildare,M7 E 37
X,-6.814214,Y,53.163378,37.5,N07D2ML,M,7,E,679293.6929,713199.9517,BALLYMANY,County,Kildare,M7 E 37.5
X,-6.82162,Y,53.162764,38,N07D2ML,M,7,E,678799.5877,713123.4728,BALLYMANY,County,Kildare,M7 E 38
X,-6.829022,Y,53.162142,38.5,N07D2ML,M,7,E,678305.7555,713046.146,CURRAGH (ED Kildare),County,Kildare,M7 E 38.5
X,-6.836431,Y,53.161301,39,N07D2ML,M,7,E,677811.8464,712944.5499,CURRAGH (ED Kildare),County,Kildare,M7 E 39
X,-6.843699,Y,53.160246,39.5,N07D2ML,M,7,E,677327.7443,712819.3096,CURRAGH (ED Kildare),County,Kildare,M7 E 39.5
X,-6.850976,Y,53.159222,40,N07D2ML,M,7,E,676842.9003,712697.4423,CURRAGH (ED Kildare),County,Kildare,M7 E 40
X,-6.858245,Y,53.158182,40.5,N07D2ML,M,7,E,676358.6617,712573.9435,CURRAGH (ED Kildare),County,Kildare,M7 E 40.5
X,-6.865524,Y,53.157098,41,N07D2ML,M,7,E,675873.7628,712445.6142,CURRAGH (ED Kildare),County,Kildare,M7 E 41
X,-6.872717,Y,53.155801,41.5,N07D2ML,M,7,E,675394.9808,712293.764,CURRAGH (ED Kildare),County,Kildare,M7 E 41.5
X,-6.87981,Y,53.154376,42,N07D2ML,M,7,E,674923.0773,712127.7306,CURRAGH (ED Kildare),County,Kildare,M7 E 42
X,-6.886905,Y,53.153069,42.5,N07D2ML,M,7,E,674450.8315,711974.9527,CURRAGHFARM,County,Kildare,M7 E 42.5
X,-6.894152,Y,53.152179,43,N07D2ML,M,7,E,673967.6687,711868.4051,KILDARE,County,Kildare,M7 E 43
X,-6.901501,Y,53.151729,43.5,N07D2ML,M,7,E,673476.8654,711810.7127,TULLY EAST,County,Kildare,M7 E 43.5
X,-6.908897,Y,53.151722,44,N07D2ML,M,7,E,672982.1796,711802.35,TULLY EAST,County,Kildare,M7 E 44
X,-6.91626,Y,53.152158,44.5,N07D2ML,M,7,E,672489.0038,711843.4539,GREYABBEY,County,Kildare,M7 E 44.5
X,-6.923537,Y,53.15302,45,N07D2ML,M,7,E,672000.8053,711931.9813,GREYABBEY,County,Kildare,M7 E 45
X,-6.930829,Y,53.154002,45.5,N07D2ML,M,7,E,671511.4879,712033.9861,LOUGHLION,County,Kildare,M7 E 45.5
X,-6.938231,Y,53.15486,46,N07D2ML,M,7,E,671015.0095,712122.0328,KNOCKSHOUGH GLEBE,County,Kildare,M7 E 46
X,-6.945773,Y,53.155185,46.5,N07D2ML,M,7,E,670510.0413,712150.7252,MOORETOWN,County,Kildare,M7 E 46.5
X,-6.953324,Y,53.154942,47,N07D2ML,M,7,E,670005.436,712116.2754,MOORETOWN,County,Kildare,M7 E 47
X,-6.960756,Y,53.154138,47.5,N07D2ML,M,7,E,669509.6444,712019.6471,CHERRYVILLE,County,Kildare,M7 E 47.5
X,-6.968034,Y,53.153118,48,N07D2ML,M,7,E,669024.5253,711899.0452,CHERRYVILLE,County,Kildare,M7 E 48
X,-6.975311,Y,53.152097,48.5,N07D2ML,M,7,E,668539.4062,711778.4432,CHERRYVILLE,County,Kildare,M7 E 48.5
X,-6.982588,Y,53.151075,49,N07D2ML,M,7,E,668054.2871,711657.8413,CHERRYVILLE,County,Kildare,M7 E 49
X,-6.989865,Y,53.150053,49.5,N07D2ML,M,7,E,667569.168,711537.2394,LACKAGHMORE,County,Kildare,M7 E 49.5
X,-6.997141,Y,53.149031,50,N07D2ML,M,7,E,667084.0489,711416.6375,LACKAGHMORE,County,Kildare,M7 E 50
X,-7.004417,Y,53.148008,50.5,N07D2ML,M,7,E,666598.9297,711296.0356,MAYFIELD or BALLYNAGALLIAGH,County,Kildare,M7 E 50.5
X,-7.011706,Y,53.146957,51,N07D2ML,M,7,E,666112.9882,711172.3844,MAYFIELD or BALLYNAGALLIAGH,County,Kildare,M7 E 51
X,-7.018858,Y,53.145503,51.5,N07D2ML,M,7,E,665636.7618,711004.0475,HYBLA or BALLYNEAGE,County,Kildare,M7 E 51.5
X,-7.025566,Y,53.143308,52,N07D2ML,M,7,E,665191.3485,710753.7023,HYBLA or BALLYNEAGE,County,Kildare,M7 E 52
X,-7.031166,Y,53.140182,52.5,N07D2ML,M,7,E,664821.4347,710400.7384,MONASTEREVIN BOG,County,Kildare,M7 E 52.5
X,-7.035299,Y,53.136323,53,N07D2ML,M,7,E,664550.687,709967.5973,MONASTEREVIN BOG,County,Kildare,M7 E 53
X,-7.037718,Y,53.131966,53.5,N07D2ML,M,7,E,664395.3411,709480.6656,KILL,County,Kildare,M7 E 53.5
X,-7.038957,Y,53.127519,54,N07D2ML,M,7,E,664319.0969,708984.7638,BALLYFARSOON,County,Kildare,M7 E 54
X,-7.040666,Y,53.12324,54.5,N07D2ML,M,7,E,664211.054,708507.1853,BALLYFARSOON,County,Kildare,M7 E 54.5
X,-7.044215,Y,53.119479,55,N07D2ML,M,7,E,663979.1541,708085.5159,MOOREABBEY DEMESNE,County,Kildare,M7 E 55
X,-7.049579,Y,53.116579,55.5,N07D2ML,M,7,E,663624.3687,707758.116,LUGHIL,County,Kildare,M7 E 55.5
X,-7.056166,Y,53.114781,56,N07D2ML,M,7,E,663186.0574,707552.2387,LUGHIL,County,Kildare,M7 E 56
X,-7.063314,Y,53.114031,56.5,N07D2ML,M,7,E,662708.5934,707462.5053,MOOREABBEY DEMESNE,County,Kildare,M7 E 56.5
X,-7.070667,Y,53.114252,57,N07D2ML,M,7,E,662216.0701,707480.6358,MOOREABBEY DEMESNE,County,Kildare,M7 E 57
X,-7.078111,Y,53.11463,57.5,N07D2ML,M,7,E,661717.1578,707516.2048,KILLAGLISH,County,Laois,M7 E 57.5
X,-7.085647,Y,53.114735,58,N07D2ML,M,7,E,661212.5066,707521.4331,KILLAGLISH,County,Laois,M7 E 58
X,-7.093167,Y,53.114386,58.5,N07D2ML,M,7,E,660709.6182,707476.1917,JAMESTOWN or BALLYTEIGEDUFF,County,Laois,M7 E 58.5
X,-7.100585,Y,53.113587,59,N07D2ML,M,7,E,660214.1363,707381.0989,JAMESTOWN or BALLYTEIGEDUFF,County,Laois,M7 E 59
X,-7.107834,Y,53.112401,59.5,N07D2ML,M,7,E,659730.4351,707242.9923,JAMESTOWN or BALLYTEIGEDUFF,County,Laois,M7 E 59.5
X,-7.114981,Y,53.111054,60,N07D2ML,M,7,E,659253.8126,707087.2003,JAMESTOWN or BALLYTEIGEDUFF,County,Laois,M7 E 60
X,-7.122053,Y,53.109568,60.5,N07D2ML,M,7,E,658782.3556,706916.0638,BALLYADDING,County,Laois,M7 E 60.5
X,-7.12904,Y,53.107946,61,N07D2ML,M,7,E,658316.7516,706729.9028,TULLAGHAN,County,Laois,M7 E 61
X,-7.135939,Y,53.106181,61.5,N07D2ML,M,7,E,657857.211,706527.8712,BALLYSHANEDUFF or THE DERRIES,County,Laois,M7 E 61.5
X,-7.142696,Y,53.104222,62,N07D2ML,M,7,E,657407.3637,706304.5557,BALLYSHANEDUFF or THE DERRIES,County,Laois,M7 E 62
X,-7.149286,Y,53.102067,62.5,N07D2ML,M,7,E,656968.985,706059.4767,BALLYSHANEDUFF or THE DERRIES,County,Laois,M7 E 62.5
X,-7.155696,Y,53.099705,63,N07D2ML,M,7,E,656542.811,705791.612,BALLYSHANEDUFF or THE DERRIES,County,Laois,M7 E 63
X,-7.161631,Y,53.096877,63.5,N07D2ML,M,7,E,656149.0492,705472.2391,CAPPAKEEL,County,Laois,M7 E 63.5
X,-7.166827,Y,53.093575,64,N07D2ML,M,7,E,655805.3179,705100.7603,CAPPAKEEL,County,Laois,M7 E 64
X,-7.171599,Y,53.090162,64.5,N07D2ML,M,7,E,655490.1078,704717.3781,CAPPAKEEL,County,Laois,M7 E 64.5
X,-7.177024,Y,53.087173,65,N07D2ML,M,7,E,655130.5165,704380.6127,CAPPAKEEL,County,Laois,M7 E 65
X,-7.183096,Y,53.084682,65.5,N07D2ML,M,7,E,654726.9318,704098.8093,CAPPAKEEL,County,Laois,M7 E 65.5
X,-7.18969,Y,53.082621,66,N07D2ML,M,7,E,654287.8057,703864.4358,MORRETT,County,Laois,M7 E 66
X,-7.1961,Y,53.080204,66.5,N07D2ML,M,7,E,653861.3569,703590.6576,MORRETT,County,Laois,M7 E 66.5
X,-7.201866,Y,53.077265,67,N07D2ML,M,7,E,653478.6698,703259.3999,MORRETT,County,Laois,M7 E 67
X,-7.207018,Y,53.073984,67.5,N07D2ML,M,7,E,653137.4968,702890.5229,MORRETT,County,Laois,M7 E 67.5
X,-7.2121,Y,53.070696,68,N07D2ML,M,7,E,652801.0072,702520.8406,MORRETT,County,Laois,M7 E 68
X,-7.217181,Y,53.067407,68.5,N07D2ML,M,7,E,652464.5176,702151.1582,GREATHEATH (Portnahinch By),County,Laois,M7 E 68.5
X,-7.222259,Y,53.064116,69,N07D2ML,M,7,E,652128.1604,701781.2623,GREATHEATH (Maryborough East By),County,Laois,M7 E 69
X,-7.227299,Y,53.060782,69.5,N07D2ML,M,7,E,651794.3718,701406.7537,BALLYDAVIS,County,Laois,M7 E 69.5
X,-7.232026,Y,53.057271,70,N07D2ML,M,7,E,651481.7263,701012.6901,BALLYDAVIS,County,Laois,M7 E 70
X,-7.236449,Y,53.053651,70.5,N07D2ML,M,7,E,651189.5239,700606.7337,BALLYDAVIS,County,Laois,M7 E 70.5
X,-7.240519,Y,53.049792,71,N07D2ML,M,7,E,650921.2134,700174.3903,BALLYDAVIS,County,Laois,M7 E 71
X,-7.243234,Y,53.04553,71.5,N07D2ML,M,7,E,650744.1352,699698.3184,RATHBRENNAN,County,Laois,M7 E 71.5
X,-7.244565,Y,53.041049,72,N07D2ML,M,7,E,650660.172,699198.7733,BALLYCLIDER,County,Laois,M7 E 72
X,-7.246027,Y,53.036744,72.5,N07D2ML,M,7,E,650567.1673,698718.7401,BALLYCLIDER,County,Laois,M7 E 72.5
X,-7.249146,Y,53.032798,73,N07D2ML,M,7,E,650362.5623,698277.4865,BALLYMACKAN,County,Laois,M7 E 73
X,-7.253416,Y,53.029145,73.5,N07D2ML,M,7,E,650080.3968,697868.0336,BALLYMACKAN,County,Laois,M7 E 73.5
X,-7.257741,Y,53.025486,74,N07D2ML,M,7,E,649794.5247,697457.916,DERRY,County,Laois,M7 E 74
X,-7.262059,Y,53.021826,74.5,N07D2ML,M,7,E,649509.004,697047.7286,DERRY,County,Laois,M7 E 74.5
X,-7.266824,Y,53.018514,75,N07D2ML,M,7,E,649193.1406,696675.9551,RATHLEAGUE,County,Laois,M7 E 75
X,-7.272772,Y,53.016016,75.5,N07D2ML,M,7,E,648796.8804,696393.9143,RATHLEAGUE,County,Laois,M7 E 75.5
X,-7.279558,Y,53.014483,76,N07D2ML,M,7,E,648343.2623,696218.8386,RATHLEAGUE,County,Laois,M7 E 76
X,-7.286779,Y,53.013998,76.5,N07D2ML,M,7,E,647859.2178,696160.0037,MEELICK,County,Laois,M7 E 76.5
X,-7.29423,Y,53.013903,77,N07D2ML,M,7,E,647359.3817,696144.4703,MEELICK,County,Laois,M7 E 77
X,-7.301675,Y,53.01381,77.5,N07D2ML,M,7,E,646859.8588,696129.1956,TOGHER,County,Laois,M7 E 77.5
X,-7.309022,Y,53.013851,78,N07D2ML,M,7,E,646366.8686,696128.9916,TOGHER,County,Laois,M7 E 78
X,-7.316078,Y,53.014831,78.5,N07D2ML,M,7,E,645892.3473,696233.4829,TOGHER,County,Laois,M7 E 78.5
X,-7.322535,Y,53.016838,79,N07D2ML,M,7,E,645456.9704,696452.7137,TOGHER,County,Laois,M7 E 79
X,-7.32886,Y,53.019328,79.5,N07D2ML,M,7,E,645029.9348,696725.7431,CLONBOYNE,County,Laois,M7 E 79.5
X,-7.336235,Y,53.020568,80,N07D2ML,M,7,E,644533.8466,696859.1156,CLONBOYNE,County,Laois,M7 E 80
X,-7.343881,Y,53.020305,80.5,N07D2ML,M,7,E,644021.1748,696825.1879,CLONBOYNE,County,Laois,M7 E 80.5
X,-7.350951,Y,53.018635,81,N07D2ML,M,7,E,643548.4812,696634.9893,CLONKEEN,County,Laois,M7 E 81
X,-7.357655,Y,53.016675,81.5,N07D2ML,M,7,E,643100.6374,696412.8409,CLONKEEN,County,Laois,M7 E 81.5
X,-7.36436,Y,53.014718,82,N07D2ML,M,7,E,642652.6618,696191.1792,CLONKEEN,County,Laois,M7 E 82
X,-7.371049,Y,53.012669,82.5,N07D2ML,M,7,E,642205.8113,695959.2009,CLONDOUGLAS or CLONKEEN,County,Laois,M7 E 82.5
X,-7.377308,Y,53.010123,83,N07D2ML,M,7,E,641788.265,695672.2514,CLONDOUGLAS or CLONKEEN,County,Laois,M7 E 83
X,-7.382919,Y,53.007106,83.5,N07D2ML,M,7,E,641414.6144,695333.3194,CLONADACASEY,County,Laois,M7 E 83.5
X,-7.388315,Y,53.004012,84,N07D2ML,M,7,E,641055.4531,694985.9979,CLONADACASEY,County,Laois,M7 E 84
X,-7.393712,Y,53.000915,84.5,N07D2ML,M,7,E,640696.1109,694638.346,CLONADACASEY,County,Laois,M7 E 84.5
X,-7.399213,Y,52.99798,85,N07D2ML,M,7,E,640329.5694,694308.5851,FATHARNAGH,County,Laois,M7 E 85
X,-7.405665,Y,52.996137,85.5,N07D2ML,M,7,E,639898.1857,694100.0109,TRUMRA,County,Laois,M7 E 85.5
X,-7.412843,Y,52.995638,86,N07D2ML,M,7,E,639416.7755,694040.4294,TRUMRA,County,Laois,M7 E 86
X,-7.4204,Y,52.994885,86.5,N07D2ML,M,7,E,638910.1515,693952.5827,TRUMRA,County,Laois,M7 E 86.5
X,-7.426972,Y,52.992485,87,N07D2ML,M,7,E,638471.0695,693682.0177,TRUMRA,County,Laois,M7 E 87
X,-7.431578,Y,52.988774,87.5,N07D2ML,M,7,E,638165.1202,693266.6342,TRUMRA,County,Laois,M7 E 87.5
X,-7.433542,Y,52.984291,88,N07D2ML,M,7,E,638037.2013,692766.7978,TRUMRA,County,Laois,M7 E 88
X,-7.433243,Y,52.979769,88.5,N07D2ML,M,7,E,638061.2869,692263.856,TRUMRA,County,Laois,M7 E 88.5
X,-7.43373,Y,52.975361,89,N07D2ML,M,7,E,638032.4393,691773.1193,TRUMRA,County,Laois,M7 E 89
X,-7.435421,Y,52.971071,89.5,N07D2ML,M,7,E,637922.6202,691294.8803,CLONARD or CAPPAGHLOUGHLIN,County,Laois,M7 E 89.5
X,-7.438185,Y,52.966937,90,N07D2ML,M,7,E,637740.5596,690833.513,CLONARD or CAPPAGHLOUGHLIN,County,Laois,M7 E 90
X,-7.440574,Y,52.962627,90.5,N07D2ML,M,7,E,637583.8293,690352.6395,CLONARD or CAPPAGHLOUGHLIN,County,Laois,M7 E 90.5
X,-7.442208,Y,52.958218,91,N07D2ML,M,7,E,637477.872,689861.2737,CLONARD or CAPPAGHLOUGHLIN,County,Laois,M7 E 91
X,-7.44375,Y,52.953824,91.5,N07D2ML,M,7,E,637377.99,689371.5593,CLONRUD,County,Laois,M7 E 91.5
X,-7.445366,Y,52.949471,92,N07D2ML,M,7,E,637273.1457,688886.3433,CLONRUD,County,Laois,M7 E 92
X,-7.44813,Y,52.945418,92.5,N07D2ML,M,7,E,637090.925,688433.9301,DONORE,County,Laois,M7 E 92.5
X,-7.452326,Y,52.941849,93,N07D2ML,M,7,E,636811.9388,688034.7419,KILLEANY,County,Laois,M7 E 93
X,-7.457715,Y,52.938834,93.5,N07D2ML,M,7,E,636452.2241,687696.5119,KILLEANY,County,Laois,M7 E 93.5
X,-7.46318,Y,52.935745,94,N07D2ML,M,7,E,636087.4215,687350.0727,KILLEANY,County,Laois,M7 E 94
X,-7.468313,Y,52.932457,94.5,N07D2ML,M,7,E,635745.0827,686981.6992,KILLEANY,County,Laois,M7 E 94.5
X,-7.473093,Y,52.928987,95,N07D2ML,M,7,E,635426.5589,686593.2205,CASTLETRENCH,County,Laois,M7 E 95
X,-7.477704,Y,52.925461,95.5,N07D2ML,M,7,E,635119.4042,686198.6344,GORTNACLEA,County,Laois,M7 E 95.5
X,-7.48231,Y,52.92194,96,N07D2ML,M,7,E,634812.4958,685804.5816,BALLYCUDDAHY,County,Laois,M7 E 96
X,-7.487325,Y,52.918728,96.5,N07D2ML,M,7,E,634477.8566,685444.8033,CROSS,County,Laois,M7 E 96.5
X,-7.493141,Y,52.916066,97,N07D2ML,M,7,E,634088.8203,685145.8466,COOLFIN (ED Cuffsborough),County,Laois,M7 E 97
X,-7.499614,Y,52.914022,97.5,N07D2ML,M,7,E,633655.0552,684915.3891,BOHERARD,County,Laois,M7 E 97.5
X,-7.506557,Y,52.912655,98,N07D2ML,M,7,E,633189.1257,684760.0484,BOHERARD,County,Laois,M7 E 98
X,-7.513769,Y,52.912004,98.5,N07D2ML,M,7,E,632704.5231,684684.3152,BOHERARD,County,Laois,M7 E 98.5
X,-7.521075,Y,52.912085,99,N07D2ML,M,7,E,632213.0845,684690.0248,CORRAUN,County,Laois,M7 E 99
X,-7.528246,Y,52.912896,99.5,N07D2ML,M,7,E,631730.1519,684777.1058,PALMERSHILL,County,Laois,M7 E 99.5
X,-7.535098,Y,52.914415,100,N07D2ML,M,7,E,631268.1644,684943.1121,CORRAUN,County,Laois,M7 E 100
X,-7.541475,Y,52.916597,100.5,N07D2ML,M,7,E,630837.7632,685183.1071,DELLIGABAUN,County,Laois,M7 E 100.5
X,-7.548314,Y,52.918603,101,N07D2ML,M,7,E,630376.382,685403.3913,KILCOTTON,County,Laois,M7 E 101
X,-7.55576,Y,52.919438,101.5,N07D2ML,M,7,E,629875.0405,685493.1331,KILCOTTON,County,Laois,M7 E 101.5
X,-7.563162,Y,52.919863,102,N07D2ML,M,7,E,629377.0043,685537.3843,BUSHFIELD or MAGHERNASKEAGH,County,Laois,M7 E 102
X,-7.570572,Y,52.920287,102.5,N07D2ML,M,7,E,628878.4171,685581.5423,BUSHFIELD or MAGHERNASKEAGH,County,Laois,M7 E 102.5
X,-7.577511,Y,52.921232,103,N07D2ML,M,7,E,628411.1643,685683.9208,LISMORE,County,Laois,M7 E 103
X,-7.583052,Y,52.92392,103.5,N07D2ML,M,7,E,628036.8183,685980.8963,LISMORE,County,Laois,M7 E 103.5
X,-7.589297,Y,52.926635,104,N07D2ML,M,7,E,627615.1176,686280.4726,BARNASALLAGH,County,Laois,M7 E 104
X,-7.596952,Y,52.927282,104.5,N07D2ML,M,7,E,627100.0586,686349.6055,DERRYVORRIGAN,County,Laois,M7 E 104.5
X,-7.604293,Y,52.926326,105,N07D2ML,M,7,E,626607.0246,686240.5161,DERRYVORRIGAN,County,Laois,M7 E 105
X,-7.611505,Y,52.925441,105.5,N07D2ML,M,7,E,626122.608,686139.3839,DOON,County,Laois,M7 E 105.5
X,-7.618874,Y,52.924878,106,N07D2ML,M,7,E,625627.4509,686074.0221,DOON,County,Laois,M7 E 106
X,-7.62625,Y,52.924311,106.5,N07D2ML,M,7,E,625131.854,686008.3119,DERRINSALLAGH,County,Laois,M7 E 106.5
X,-7.633624,Y,52.923745,107,N07D2ML,M,7,E,624636.2857,685942.7964,DERRINSALLAGH,County,Laois,M7 E 107
X,-7.64096,Y,52.923286,107.5,N07D2ML,M,7,E,624143.2663,685889.3107,CLONAGOODEN,County,Laois,M7 E 107.5
X,-7.648307,Y,52.923422,108,N07D2ML,M,7,E,623649.139,685901.9031,ERRIS or SKIRK GLEBE,County,Laois,M7 E 108
X,-7.655852,Y,52.923303,108.5,N07D2ML,M,7,E,623141.8373,685886.2847,CURRAGHMORE,County,Laois,M7 E 108.5
X,-7.66326,Y,52.922429,109,N07D2ML,M,7,E,622644.1908,685786.6904,CURRAGHMORE,County,Laois,M7 E 109
X,-7.670326,Y,52.920825,109.5,N07D2ML,M,7,E,622169.846,685605.9235,BALLYKELLY,County,Tipperary,M7 E 109.5
X,-7.676983,Y,52.918853,110,N07D2ML,M,7,E,621723.1421,685384.5271,BALLYKELLY,County,Tipperary,M7 E 110
X,-7.683848,Y,52.917263,110.5,N07D2ML,M,7,E,621262.2516,685205.6028,BALLYKELLY,County,Tipperary,M7 E 110.5
X,-7.690948,Y,52.916095,111,N07D2ML,M,7,E,620785.3282,685073.5608,ROCKFOREST,County,Tipperary,M7 E 111
X,-7.698202,Y,52.915361,111.5,N07D2ML,M,7,E,620297.7884,684989.7891,ROCKFOREST,County,Tipperary,M7 E 111.5
X,-7.705479,Y,52.915176,112,N07D2ML,M,7,E,619808.4872,684967.2114,ROCKFOREST,County,Tipperary,M7 E 112
X,-7.712503,Y,52.916129,112.5,N07D2ML,M,7,E,619335.645,685071.2628,ROCKFOREST,County,Tipperary,M7 E 112.5
X,-7.718784,Y,52.918235,113,N07D2ML,M,7,E,618912.2587,685303.897,TINDERRY,County,Tipperary,M7 E 113
X,-7.724434,Y,52.921156,113.5,N07D2ML,M,7,E,618531.0604,685627.4546,TIMONEY,County,Tipperary,M7 E 113.5
X,-7.731036,Y,52.923428,114,N07D2ML,M,7,E,618086.1307,685878.5938,TIMONEY,County,Tipperary,M7 E 114
X,-7.73831,Y,52.924687,114.5,N07D2ML,M,7,E,617596.5031,686016.8609,THESHEEHYS,County,Tipperary,M7 E 114.5
X,-7.745592,Y,52.92559,115,N07D2ML,M,7,E,617106.5023,686115.5992,THESHEEHYS,County,Tipperary,M7 E 115
X,-7.752873,Y,52.926493,115.5,N07D2ML,M,7,E,616616.5931,686214.3338,DERRYMORE,County,Tipperary,M7 E 115.5
X,-7.760233,Y,52.927331,116,N07D2ML,M,7,E,616121.4076,686305.9268,DERRYMORE,County,Tipperary,M7 E 116
X,-7.767767,Y,52.92756,116.5,N07D2ML,M,7,E,615614.7156,686329.7551,DERRYMORE,County,Tipperary,M7 E 116.5
X,-7.775266,Y,52.927055,117,N07D2ML,M,7,E,615110.7161,686271.9314,DERRYMORE,County,Tipperary,M7 E 117
X,-7.782538,Y,52.925827,117.5,N07D2ML,M,7,E,614622.1767,686133.8101,DERRYMORE,County,Tipperary,M7 E 117.5
X,-7.789383,Y,52.92391,118,N07D2ML,M,7,E,614162.5334,685919.1321,DERRYMORE,County,Tipperary,M7 E 118
X,-7.795796,Y,52.921616,118.5,N07D2ML,M,7,E,613732.0564,685662.6554,CAMLIN,County,Tipperary,M7 E 118.5
X,-7.802175,Y,52.919325,119,N07D2ML,M,7,E,613303.7701,685406.5601,CAMLIN,County,Tipperary,M7 E 119
X,-7.808783,Y,52.917449,119.5,N07D2ML,M,7,E,612859.9526,685196.6224,CAMLIN,County,Tipperary,M7 E 119.5
X,-7.815811,Y,52.916256,120,N07D2ML,M,7,E,612387.643,685062.6138,GLENBEHA,County,Tipperary,M7 E 120
X,-7.823155,Y,52.91544,120.5,N07D2ML,M,7,E,611893.9474,684970.5183,BALLYCRINE,County,Tipperary,M7 E 120.5
X,-7.83034,Y,52.914087,121,N07D2ML,M,7,E,611411.0655,684818.8886,BOOLA,County,Tipperary,M7 E 121
X,-7.837199,Y,52.912385,121.5,N07D2ML,M,7,E,610950.1657,684628.4463,BOOLA,County,Tipperary,M7 E 121.5
X,-7.844226,Y,52.911086,122,N07D2ML,M,7,E,610477.8296,684482.7948,BOOLA,County,Tipperary,M7 E 122
X,-7.85144,Y,52.910265,122.5,N07D2ML,M,7,E,609992.7636,684390.4116,BOOLA,County,Tipperary,M7 E 122.5
X,-7.858769,Y,52.909932,123,N07D2ML,M,7,E,609499.8921,684352.4148,RATHNAVEOGE UPPER,County,Tipperary,M7 E 123
X,-7.866189,Y,52.91001,123.5,N07D2ML,M,7,E,609000.7647,684360.1097,RATHNAVEOGE UPPER,County,Tipperary,M7 E 123.5
X,-7.873697,Y,52.909662,124,N07D2ML,M,7,E,608495.785,684320.4724,RATHNAVEOGE LOWER,County,Tipperary,M7 E 124
X,-7.881049,Y,52.90867,124.5,N07D2ML,M,7,E,608001.4357,684209.3182,RATHNAVEOGE LOWER,County,Tipperary,M7 E 124.5
X,-7.888087,Y,52.907057,125,N07D2ML,M,7,E,607528.3237,684029.0274,RATHNAVEOGE LOWER,County,Tipperary,M7 E 125
X,-7.894677,Y,52.904852,125.5,N07D2ML,M,7,E,607085.3463,683783.0389,CASTLEROAN,County,Offaly,M7 E 125.5
X,-7.900681,Y,52.902102,126,N07D2ML,M,7,E,606681.8869,683476.5517,CASTLEROAN,County,Offaly,M7 E 126
X,-7.906173,Y,52.899007,126.5,N07D2ML,M,7,E,606312.8323,683131.6173,CASTLEROAN,County,Offaly,M7 E 126.5
X,-7.910537,Y,52.89525,127,N07D2ML,M,7,E,606019.7643,682713.2379,MOATQUARTER,County,Tipperary,M7 E 127
X,-7.913371,Y,52.891037,127.5,N07D2ML,M,7,E,605829.6314,682244.2446,MOATQUARTER,County,Tipperary,M7 E 127.5
X,-7.917712,Y,52.887875,128,N07D2ML,M,7,E,605537.8628,681892.0673,DRUMROE,County,Offaly,M7 E 128
X,-7.924375,Y,52.88705,128.5,N07D2ML,M,7,E,605089.55,681799.7603,BUSHERSTOWN,County,Offaly,M7 E 128.5
X,-7.931714,Y,52.887937,129,N07D2ML,M,7,E,604595.5784,681898.0538,BUSHERSTOWN,County,Offaly,M7 E 129
X,-7.939215,Y,52.887363,129.5,N07D2ML,M,7,E,604090.8421,681833.6955,DRUMBAUN,County,Tipperary,M7 E 129.5
X,-7.946534,Y,52.886593,130,N07D2ML,M,7,E,603598.3111,681747.6638,GREENHILLS,County,Tipperary,M7 E 130
X,-7.953851,Y,52.885815,130.5,N07D2ML,M,7,E,603105.939,681660.7196,GREENHILLS,County,Tipperary,M7 E 130.5
X,-7.961166,Y,52.885039,131,N07D2ML,M,7,E,602613.6811,681574.0634,MONEYGALL,County,Offaly,M7 E 131
X,-7.96848,Y,52.884273,131.5,N07D2ML,M,7,E,602121.4275,681488.6468,MONEYGALL,County,Offaly,M7 E 131.5
X,-7.975765,Y,52.883645,132,N07D2ML,M,7,E,601631.1223,681418.5443,CULLENWAINE,County,Offaly,M7 E 132
X,-7.983076,Y,52.883609,132.5,N07D2ML,M,7,E,601139.0682,681414.4378,CLYNOE,County,Offaly,M7 E 132.5
X,-7.990566,Y,52.883884,133,N07D2ML,M,7,E,600634.9402,681444.8811,CLYNOE,County,Offaly,M7 E 133
X,-7.998038,Y,52.88303,133.5,N07D2ML,M,7,E,600132.0295,681349.8807,CLYNOE,County,Offaly,M7 E 133.5
X,-8.004835,Y,52.880942,134,N07D2ML,M,7,E,599674.5283,681117.5217,PARK,County,Tipperary,M7 E 134
X,-8.010675,Y,52.878197,134.5,N07D2ML,M,7,E,599281.3958,680812.1934,PARK,County,Tipperary,M7 E 134.5
X,-8.017146,Y,52.876261,135,N07D2ML,M,7,E,598845.8014,680596.8375,CLASH,County,Tipperary,M7 E 135
X,-8.024203,Y,52.875321,135.5,N07D2ML,M,7,E,598370.6963,680492.3549,CLASH,County,Tipperary,M7 E 135.5
X,-8.031591,Y,52.875073,136,N07D2ML,M,7,E,597873.3098,680465.025,CLASH,County,Tipperary,M7 E 136
X,-8.039064,Y,52.874651,136.5,N07D2ML,M,7,E,597370.2273,680418.2804,FALLEEN,County,Tipperary,M7 E 136.5
X,-8.046372,Y,52.873511,137,N07D2ML,M,7,E,596878.1843,680291.6958,FALLEEN,County,Tipperary,M7 E 137
X,-8.053246,Y,52.871723,137.5,N07D2ML,M,7,E,596415.2811,680093.1323,KILGORTEEN,County,Tipperary,M7 E 137.5
X,-8.060044,Y,52.86999,138,N07D2ML,M,7,E,595957.4371,679900.6697,GORTNADRUMMAN,County,Tipperary,M7 E 138
X,-8.066956,Y,52.868891,138.5,N07D2ML,M,7,E,595491.9638,679778.7791,DERRYCARNEY,County,Tipperary,M7 E 138.5
X,-8.074292,Y,52.869344,139,N07D2ML,M,7,E,594998.1306,679829.6249,GARRAVALLY,County,Tipperary,M7 E 139
X,-8.081605,Y,52.867756,139.5,N07D2ML,M,7,E,594505.5329,679653.5513,GARRAVALLY,County,Tipperary,M7 E 139.5
X,-8.08765,Y,52.865599,140,N07D2ML,M,7,E,594098.2287,679413.9599,LISSANISKY,County,Tipperary,M7 E 140
X,-8.094907,Y,52.864782,140.5,N07D2ML,M,7,E,593609.463,679323.7032,LISSANISKY,County,Tipperary,M7 E 140.5
X,-8.10223,Y,52.863846,141,N07D2ML,M,7,E,593116.2212,679220.3049,DERRYBANE,County,Tipperary,M7 E 141
X,-8.109338,Y,52.862424,141.5,N07D2ML,M,7,E,592637.3453,679062.7696,DERRYBANE,County,Tipperary,M7 E 141.5
X,-8.116308,Y,52.860912,142,N07D2ML,M,7,E,592167.7156,678895.2342,CLASHNEVIN,County,Tipperary,M7 E 142
X,-8.123359,Y,52.859522,142.5,N07D2ML,M,7,E,591692.6353,678741.4406,BALLINTOTTY,County,Tipperary,M7 E 142.5
X,-8.130437,Y,52.858099,143,N07D2ML,M,7,E,591215.7413,678583.8993,BALLINTOTTY,County,Tipperary,M7 E 143
X,-8.137296,Y,52.856258,143.5,N07D2ML,M,7,E,590753.4273,678379.9192,BALLINTOTTY,County,Tipperary,M7 E 143.5
X,-8.143871,Y,52.854162,144,N07D2ML,M,7,E,590310.1101,678147.6334,BALLINTOTTY,County,Tipperary,M7 E 144
X,-8.150435,Y,52.852074,144.5,N07D2ML,M,7,E,589867.5473,677916.1615,KNOCKALTON LOWER,County,Tipperary,M7 E 144.5
X,-8.157139,Y,52.85034,145,N07D2ML,M,7,E,589415.5751,677724.1613,KNOCKALTON UPPER,County,Tipperary,M7 E 145
X,-8.164256,Y,52.849418,145.5,N07D2ML,M,7,E,588935.9956,677622.6981,KNOCKALTON UPPER,County,Tipperary,M7 E 145.5
X,-8.171604,Y,52.848759,146,N07D2ML,M,7,E,588440.8301,677550.5141,LISSATUNNY,County,Tipperary,M7 E 146
X,-8.178942,Y,52.848086,146.5,N07D2ML,M,7,E,587946.3817,677476.7976,LISSATUNNY,County,Tipperary,M7 E 146.5
X,-8.186279,Y,52.847408,147,N07D2ML,M,7,E,587451.965,677402.6788,TYONE,County,Tipperary,M7 E 147
X,-8.193614,Y,52.846731,147.5,N07D2ML,M,7,E,586957.6456,677328.6785,FAWNLOUGH,County,Tipperary,M7 E 147.5
X,-8.20095,Y,52.846058,148,N07D2ML,M,7,E,586463.2599,677255.1205,BENEDIN,County,Tipperary,M7 E 148
X,-8.20828,Y,52.845408,148.5,N07D2ML,M,7,E,585969.3233,677184.1817,LAHESSERAGH,County,Tipperary,M7 E 148.5
X,-8.215614,Y,52.844976,149,N07D2ML,M,7,E,585475.1132,677137.6147,LAHESSERAGH,County,Tipperary,M7 E 149
X,-8.222972,Y,52.844816,149.5,N07D2ML,M,7,E,584979.3621,677121.339,LAHESSERAGH,County,Tipperary,M7 E 149.5
X,-8.230355,Y,52.844947,150,N07D2ML,M,7,E,584482.0888,677137.4534,LAHESSERAGH,County,Tipperary,M7 E 150
X,-8.237742,Y,52.845237,150.5,N07D2ML,M,7,E,583984.5548,677171.3242,TULLAHEDY,County,Tipperary,M7 E 150.5
X,-8.245157,Y,52.845531,151,N07D2ML,M,7,E,583485.1402,677205.7227,BALLYCAHILL,County,Tipperary,M7 E 151
X,-8.252646,Y,52.845712,151.5,N07D2ML,M,7,E,582980.75,677227.5693,PART OF CARRIGATOGHER (Ryan),County,Tipperary,M7 E 151.5
X,-8.260128,Y,52.845192,152,N07D2ML,M,7,E,582476.5161,677171.5667,PART OF CARRIGATOGHER (Harding),County,Tipperary,M7 E 152
X,-8.267339,Y,52.843911,152.5,N07D2ML,M,7,E,581990.1943,677030.7577,CARRIGATOGHER (Ryan),County,Tipperary,M7 E 152.5
X,-8.274371,Y,52.842364,153,N07D2ML,M,7,E,581515.8294,676860.4382,CARRIGATOGHER (Ryan),County,Tipperary,M7 E 153
X,-8.280899,Y,52.840048,153.5,N07D2ML,M,7,E,581075.0495,676604.5164,CARRIGATOGHER (Harding),County,Tipperary,M7 E 153.5
X,-8.286321,Y,52.836832,154,N07D2ML,M,7,E,580708.2794,676248.0646,CARRIGATOGHER (Abbott),County,Tipperary,M7 E 154
X,-8.290813,Y,52.833242,154.5,N07D2ML,M,7,E,580404.0057,675849.8823,BALLYHISKY,County,Tipperary,M7 E 154.5
X,-8.295399,Y,52.829763,155,N07D2ML,M,7,E,580093.4439,675464.0218,CLOGHLEIGH,County,Tipperary,M7 E 155
X,-8.300325,Y,52.826351,155.5,N07D2ML,M,7,E,579759.8585,675085.8454,BALLYCUDDY MORE,County,Tipperary,M7 E 155.5
X,-8.304332,Y,52.822487,156,N07D2ML,M,7,E,579488.023,674657.0561,BALLYWILLIAM (ED Burgesbeg),County,Tipperary,M7 E 156
X,-8.307322,Y,52.818339,156.5,N07D2ML,M,7,E,579284.5249,674196.3756,BALLYWILLIAM (ED Burgesbeg),County,Tipperary,M7 E 156.5
X,-8.310137,Y,52.814183,157,N07D2ML,M,7,E,579092.7743,673734.7664,GORTMORE,County,Tipperary,M7 E 157
X,-8.312968,Y,52.810033,157.5,N07D2ML,M,7,E,578899.9253,673273.8797,GORTMORE,County,Tipperary,M7 E 157.5
X,-8.315882,Y,52.805926,158,N07D2ML,M,7,E,578701.4426,672817.7327,CASTLECRANNA,County,Tipperary,M7 E 158
X,-8.319603,Y,52.802141,158.5,N07D2ML,M,7,E,578448.706,672397.7988,CASTLECRANNA,County,Tipperary,M7 E 158.5
X,-8.32435,Y,52.7988,159,N07D2ML,M,7,E,578126.9325,672027.4524,KILNACRANNA,County,Tipperary,M7 E 159
X,-8.329977,Y,52.796006,159.5,N07D2ML,M,7,E,577746.0103,671718.2696,KILNACRANNA,County,Tipperary,M7 E 159.5
X,-8.336318,Y,52.793842,160,N07D2ML,M,7,E,577317.2234,671479.4775,KILNACRANNA,County,Tipperary,M7 E 160
X,-8.343176,Y,52.792372,160.5,N07D2ML,M,7,E,576853.9276,671318.1517,GORTNASKEHY (ED Burgesbeg),County,Tipperary,M7 E 160.5
X,-8.350316,Y,52.790999,161,N07D2ML,M,7,E,576371.6211,671167.6744,BALLINTEENOE,County,Tipperary,M7 E 161
X,-8.357128,Y,52.789097,161.5,N07D2ML,M,7,E,575911.1071,670958.3866,KILLALANE,County,Tipperary,M7 E 161.5
X,-8.363495,Y,52.786695,162,N07D2ML,M,7,E,575480.3043,670693.2633,KILLALANE,County,Tipperary,M7 E 162
X,-8.369324,Y,52.783832,162.5,N07D2ML,M,7,E,575085.4582,670376.7721,CAPPADINE,County,Tipperary,M7 E 162.5
X,-8.374504,Y,52.780547,163,N07D2ML,M,7,E,574734.1569,670013.0775,GARRAUN,County,Tipperary,M7 E 163
X,-8.37898,Y,52.776914,163.5,N07D2ML,M,7,E,574430.0341,669610.4041,ROSSFINCH,County,Tipperary,M7 E 163.5
X,-8.383157,Y,52.773204,164,N07D2ML,M,7,E,574146.0288,669199.148,ROSSFINCH,County,Tipperary,M7 E 164
X,-8.387349,Y,52.769511,164.5,N07D2ML,M,7,E,573860.9651,668789.7827,ROSSFINCH,County,Tipperary,M7 E 164.5
X,-8.391927,Y,52.766041,165,N07D2ML,M,7,E,573549.9361,668405.3684,BALLYNAHINCH,County,Tipperary,M7 E 165
X,-8.39704,Y,52.762848,165.5,N07D2ML,M,7,E,573202.8962,668052.0256,BALLYNAHINCH,County,Tipperary,M7 E 165.5
X,-8.402629,Y,52.75997,166,N07D2ML,M,7,E,572823.8984,667733.9027,LACKENAVEA (Dunalley),County,Tipperary,M7 E 166
X,-8.40865,Y,52.757429,166.5,N07D2ML,M,7,E,572415.9167,667453.4595,LACKENAVEA (Dunalley),County,Tipperary,M7 E 166.5
X,-8.414934,Y,52.75506,167,N07D2ML,M,7,E,571990.1935,667192.3008,BALLYARD,County,Tipperary,M7 E 167
X,-8.421162,Y,52.752589,167.5,N07D2ML,M,7,E,571568.1737,666919.7861,BALLYARD,County,Tipperary,M7 E 167.5
X,-8.427147,Y,52.749899,168,N07D2ML,M,7,E,571162.3738,666622.8776,COOLEEN (ED Kilcomenty),County,Tipperary,M7 E 168
X,-8.432858,Y,52.747001,168.5,N07D2ML,M,7,E,570774.8359,666302.7845,COOLEEN (ED Kilcomenty),County,Tipperary,M7 E 168.5
X,-8.438289,Y,52.743925,169,N07D2ML,M,7,E,570406.1219,665962.748,COOLEEN (ED Kilcomenty),County,Tipperary,M7 E 169
X,-8.443646,Y,52.740821,169.5,N07D2ML,M,7,E,570042.2426,665619.5734,ANNAHOLTY,County,Tipperary,M7 E 169.5
X,-8.449,Y,52.737719,170,N07D2ML,M,7,E,569678.5458,665276.7507,ANNAHOLTY,County,Tipperary,M7 E 170
X,-8.454246,Y,52.734514,170.5,N07D2ML,M,7,E,569322.0252,664922.4016,ANNAHOLTY,County,Tipperary,M7 E 170.5
X,-8.459157,Y,52.731116,171,N07D2ML,M,7,E,568987.9662,664546.436,ANNAHOLTY,County,Tipperary,M7 E 171
X,-8.463708,Y,52.727539,171.5,N07D2ML,M,7,E,568678.0483,664150.3437,ANNAHOLTY,County,Tipperary,M7 E 171.5
X,-8.46788,Y,52.723796,172,N07D2ML,M,7,E,568393.5166,663735.7489,ANNAHOLTY,County,Tipperary,M7 E 172
X,-8.471661,Y,52.719899,172.5,N07D2ML,M,7,E,568135.2977,663303.8988,GOOIG,County,Limerick,M7 E 172.5
X,-8.475178,Y,52.715956,173,N07D2ML,M,7,E,567894.7807,662866.7448,GOOIG,County,Limerick,M7 E 173
X,-8.479023,Y,52.712138,173.5,N07D2ML,M,7,E,567632.1708,662443.6031,GARDENHILL,County,Limerick,M7 E 173.5
X,-8.482549,Y,52.708128,174,N07D2ML,M,7,E,567390.9526,661999.0334,GARDENHILL,County,Limerick,M7 E 174
X,-8.485412,Y,52.703973,174.5,N07D2ML,M,7,E,567194.3299,661538.0902,GARDENHILL,County,Limerick,M7 E 174.5
X,-8.489003,Y,52.700183,175,N07D2ML,M,7,E,566948.7588,661118.0195,WOODPARK,County,Limerick,M7 E 175
X,-8.493976,Y,52.696931,175.5,N07D2ML,M,7,E,566610.1504,660758.5244,SALLYMOUNT,County,Limerick,M7 E 175.5
X,-8.498119,Y,52.693045,176,N07D2ML,M,7,E,566327.178,660328.1048,SALLYMOUNT,County,Limerick,M7 E 176
X,-8.499846,Y,52.688553,176.5,N07D2ML,M,7,E,566206.9736,659829.1302,LISNAGRY,County,Limerick,M7 E 176.5
X,-8.501579,Y,52.684416,177,N07D2ML,M,7,E,566086.6086,659369.72,LISNAGRY,County,Limerick,M7 E 177
X,-8.506241,Y,52.681275,177.5,N07D2ML,M,7,E,565768.9272,659022.4139,RICHHILL,County,Limerick,M7 E 177.5
X,-8.512333,Y,52.67858,178,N07D2ML,M,7,E,565354.855,658725.4851,RICHHILL,County,Limerick,M7 E 178
X,-8.515985,Y,52.674466,178.5,N07D2ML,M,7,E,565104.6388,658269.5235,MOUNTSHANNON,County,Limerick,M7 E 178.5
X,-8.516188,Y,52.669878,179,N07D2ML,M,7,E,565087.2219,657759.1695,GARRAUNYKEE,County,Limerick,M7 E 179
X,-8.517506,Y,52.665728,179.5,N07D2ML,M,7,E,564994.8002,657298.0566,GARRAUN,County,Limerick,M7 E 179.5
X,-8.521894,Y,52.662448,180,N07D2ML,M,7,E,564695.2906,656935.2572,WOODSTOWN,County,Limerick,M7 E 180
X,-8.528357,Y,52.660796,180.5,N07D2ML,M,7,E,564256.7667,656754.6595,BALLYCLOGH (ED Ballyvarra),County,Limerick,M7 E 180.5
X,-8.535587,Y,52.659867,181,N07D2ML,M,7,E,563766.9104,656654.9343,NEWTOWN (ED Ballysimon),County,Limerick,M7 E 181
X,-8.542735,Y,52.65834,181.5,N07D2ML,M,7,E,563282.0149,656488.6363,NEWTOWN (ED Ballysimon),County,Limerick,M7 E 181.5
X,-8.548964,Y,52.655854,182,N07D2ML,M,7,E,562858.508,656215.228,NEWTOWN (ED Ballysimon),County,Limerick,M7 E 182
X,-8.554924,Y,52.653119,182.5,N07D2ML,M,7,E,562452.9763,655914.053,NEWTOWN (ED Ballysimon),County,Limerick,M7 E 182.5
X,-8.560386,Y,52.650029,183,N07D2ML,M,7,E,562080.7309,655573.0924,BALLYSIMON,County,Limerick,M7 E 183
X,-8.565293,Y,52.646616,183.5,N07D2ML,M,7,E,561745.6963,655196.0424,BALLYSIMON,County,Limerick,M7 E 183.5
X,-8.570405,Y,52.643673,184,N07D2ML,M,7,E,561397.182,654871.2666,BALLYSIMON (Staunton),County,Limerick,M7 E 184
X,-8.577146,Y,52.642026,184.5,N07D2ML,M,7,E,560939.5001,654691.6444,BALLYSIMON (Staunton),County,Limerick,M7 E 184.5
X,-8.584068,Y,52.640459,185,N07D2ML,M,7,E,560469.6245,654521.1101,PART OF CROSSAGALLA,County,Limerick,M7 E 185
X,-8.590929,Y,52.639016,185.5,N07D2ML,M,7,E,560003.9522,654364.3821,BOHEREEN (ED Roxborough),County,Limerick,M7 E 185.5
X,-8.597886,Y,52.639219,186,N07D2ML,M,7,E,559533.2715,654390.7862,BANEMORE (ED Limerick South Rural),County,Limerick,M7 E 186
X,-8.605073,Y,52.640393,186.5,N07D2ML,M,7,E,559047.9315,654525.4955,RATHBANE SOUTH,County,Limerick,M7 E 186.5
